dataset,holdout,early_seconds,train_rows,test_rows,train_groups,test_groups,group_overlap,rows_after_gmm_filter,vs30_missing_fraction_train,vs30_missing_fraction_test,magnitude_missing_policy,vs30_missing_policy,distance_mapping,target,reference,model_family,bias_log10,mae_log10_target,rmse_log10_target,r2_log10_target,q90_abs_error_log10_target,q95_abs_error_log10_target
esm,event,2.0,15329,6000,406,181,0,21442,0.18742253245482418,0.167,drop_missing_source_magnitude,fill_760_mps_for_gmm,rjb=source_distance_km; rhypo/rrup=path_hyp_distance_km,pga,early_waveform_distance_site_hgb,early_waveform_model,nan,0.23683842541305922,0.3123443237007937,0.7915602246590144,0.48405774819103364,0.6074423652643735
esm,event,2.0,15329,6000,406,181,0,21442,0.18742253245482418,0.167,drop_missing_source_magnitude,fill_760_mps_for_gmm,rjb=source_distance_km; rhypo/rrup=path_hyp_distance_km,pga,BooreEtAl2014_Rjb,regional_gmm_bias_corrected,-0.18101668176379587,0.3583236632358802,,0.4572592860488538,0.776370569563661,1.0263153160387524
esm,event,2.0,15329,6000,406,181,0,21442,0.18742253245482418,0.167,drop_missing_source_magnitude,fill_760_mps_for_gmm,rjb=source_distance_km; rhypo/rrup=path_hyp_distance_km,pga,AkkarEtAlRjb2014,regional_gmm_bias_corrected,-0.29612364742404956,0.35414235994639215,,0.46829783926485957,0.7533614222241347,1.0154941492959466
esm,event,2.0,15329,6000,406,181,0,21442,0.18742253245482418,0.167,drop_missing_source_magnitude,fill_760_mps_for_gmm,rjb=source_distance_km; rhypo/rrup=path_hyp_distance_km,pga,AkkarEtAlRhyp2014,regional_gmm_bias_corrected,-0.19578295617402475,0.34304662120125423,,0.49930759176413797,0.7196822539608432,0.9449753715575464
esm,event,2.0,15329,6000,406,181,0,21442,0.18742253245482418,0.167,drop_missing_source_magnitude,fill_760_mps_for_gmm,rjb=source_distance_km; rhypo/rrup=path_hyp_distance_km,pga,BindiEtAl2014Rjb,regional_gmm_bias_corrected,-0.21774587783340835,0.35300146547467476,,0.47068461126091665,0.7532524925510926,0.9961040704734158
esm,event,2.0,15329,6000,406,181,0,21442,0.18742253245482418,0.167,drop_missing_source_magnitude,fill_760_mps_for_gmm,rjb=source_distance_km; rhypo/rrup=path_hyp_distance_km,pga,BindiEtAl2014Rhyp,regional_gmm_bias_corrected,-0.23572441697992463,0.3458158283576058,,0.4913834726110785,0.733295439697002,0.9417462287490995
esm,event,2.0,15329,6000,406,181,0,21442,0.18742253245482418,0.167,drop_missing_source_magnitude,fill_760_mps_for_gmm,rjb=source_distance_km; rhypo/rrup=path_hyp_distance_km,pga,CauzziEtAl2014,regional_gmm_bias_corrected,-0.2910747172998578,0.34487870538543264,,0.4932410299101735,0.7280443079149743,0.9477297610773
esm,event,2.0,15329,6000,406,181,0,21442,0.18742253245482418,0.167,drop_missing_source_magnitude,fill_760_mps_for_gmm,rjb=source_distance_km; rhypo/rrup=path_hyp_distance_km,pgv,early_waveform_distance_site_hgb,early_waveform_model,nan,0.2950238753452907,0.38793886442864145,0.68904429684777,0.618736926293564,0.7722997128133005
esm,event,2.0,15329,6000,406,181,0,21442,0.18742253245482418,0.167,drop_missing_source_magnitude,fill_760_mps_for_gmm,rjb=source_distance_km; rhypo/rrup=path_hyp_distance_km,pgv,BooreEtAl2014_Rjb,regional_gmm_bias_corrected,-0.16064357230421056,0.33990870896922537,,0.53160739273228,0.7147802573814789,0.9502252348460133
esm,event,2.0,15329,6000,406,181,0,21442,0.18742253245482418,0.167,drop_missing_source_magnitude,fill_760_mps_for_gmm,rjb=source_distance_km; rhypo/rrup=path_hyp_distance_km,pgv,AkkarEtAlRjb2014,regional_gmm_bias_corrected,-0.2469791119339353,0.3413646724789202,,0.5284467638157465,0.7106088908996454,0.9493662084443372
esm,event,2.0,15329,6000,406,181,0,21442,0.18742253245482418,0.167,drop_missing_source_magnitude,fill_760_mps_for_gmm,rjb=source_distance_km; rhypo/rrup=path_hyp_distance_km,pgv,AkkarEtAlRhyp2014,regional_gmm_bias_corrected,-0.17525590289798854,0.3269304027689836,,0.5694014385924884,0.6788144933803071,0.8846802158389279
esm,event,2.0,15329,6000,406,181,0,21442,0.18742253245482418,0.167,drop_missing_source_magnitude,fill_760_mps_for_gmm,rjb=source_distance_km; rhypo/rrup=path_hyp_distance_km,pgv,BindiEtAl2014Rjb,regional_gmm_bias_corrected,-0.1357038963756576,0.3396658576416029,,0.5327108380315038,0.7056677192434587,0.9203125927467916
esm,event,2.0,15329,6000,406,181,0,21442,0.18742253245482418,0.167,drop_missing_source_magnitude,fill_760_mps_for_gmm,rjb=source_distance_km; rhypo/rrup=path_hyp_distance_km,pgv,BindiEtAl2014Rhyp,regional_gmm_bias_corrected,0.0279715734985877,0.3229718245719988,,0.5750866748859662,0.6660333098769909,0.8608878221692704
esm,event,2.0,15329,6000,406,181,0,21442,0.18742253245482418,0.167,drop_missing_source_magnitude,fill_760_mps_for_gmm,rjb=source_distance_km; rhypo/rrup=path_hyp_distance_km,pgv,CauzziEtAl2014,regional_gmm_bias_corrected,-0.29967554520534523,0.3339172099910526,,0.5592974294004446,0.6837591353407577,0.8875712734050852
esm,station,2.0,18525,2917,1347,200,0,21442,0.18747638326585694,0.14466918066506684,drop_missing_source_magnitude,fill_760_mps_for_gmm,rjb=source_distance_km; rhypo/rrup=path_hyp_distance_km,pga,early_waveform_distance_site_hgb,early_waveform_model,nan,0.3033559758882117,0.3852191456993774,0.787802595541705,0.6585334653272888,0.733358093196744
esm,station,2.0,18525,2917,1347,200,0,21442,0.18747638326585694,0.14466918066506684,drop_missing_source_magnitude,fill_760_mps_for_gmm,rjb=source_distance_km; rhypo/rrup=path_hyp_distance_km,pga,BooreEtAl2014_Rjb,regional_gmm_bias_corrected,-0.17198914597399484,0.48278085347948096,,0.2448122012070575,1.2192614639206443,1.805924881485014
esm,station,2.0,18525,2917,1347,200,0,21442,0.18747638326585694,0.14466918066506684,drop_missing_source_magnitude,fill_760_mps_for_gmm,rjb=source_distance_km; rhypo/rrup=path_hyp_distance_km,pga,AkkarEtAlRjb2014,regional_gmm_bias_corrected,-0.2853469355761688,0.47786498319747306,,0.25713718995065515,1.1248664660828387,1.9223643718399737
esm,station,2.0,18525,2917,1347,200,0,21442,0.18747638326585694,0.14466918066506684,drop_missing_source_magnitude,fill_760_mps_for_gmm,rjb=source_distance_km; rhypo/rrup=path_hyp_distance_km,pga,AkkarEtAlRhyp2014,regional_gmm_bias_corrected,-0.19100969159620163,0.4651001582264823,,0.2852436274943311,1.029381474138984,1.903324185815626
esm,station,2.0,18525,2917,1347,200,0,21442,0.18747638326585694,0.14466918066506684,drop_missing_source_magnitude,fill_760_mps_for_gmm,rjb=source_distance_km; rhypo/rrup=path_hyp_distance_km,pga,BindiEtAl2014Rjb,regional_gmm_bias_corrected,-0.21082780844675275,0.4833303597977383,,0.22967619941012885,1.1640359574102803,1.9085683391661876
esm,station,2.0,18525,2917,1347,200,0,21442,0.18747638326585694,0.14466918066506684,drop_missing_source_magnitude,fill_760_mps_for_gmm,rjb=source_distance_km; rhypo/rrup=path_hyp_distance_km,pga,BindiEtAl2014Rhyp,regional_gmm_bias_corrected,-0.22891155148708275,0.4684278864316409,,0.257964495247755,1.0587618494777258,1.9540891878879154
esm,station,2.0,18525,2917,1347,200,0,21442,0.18747638326585694,0.14466918066506684,drop_missing_source_magnitude,fill_760_mps_for_gmm,rjb=source_distance_km; rhypo/rrup=path_hyp_distance_km,pga,CauzziEtAl2014,regional_gmm_bias_corrected,-0.2889095780477109,0.46812931730220314,,0.27045774406207124,1.0303592599934663,1.9157809430445705
esm,station,2.0,18525,2917,1347,200,0,21442,0.18747638326585694,0.14466918066506684,drop_missing_source_magnitude,fill_760_mps_for_gmm,rjb=source_distance_km; rhypo/rrup=path_hyp_distance_km,pgv,early_waveform_distance_site_hgb,early_waveform_model,nan,0.32023219478659376,0.41066952211264773,0.7274891333700333,0.6504755026241884,0.8071732374370361
esm,station,2.0,18525,2917,1347,200,0,21442,0.18747638326585694,0.14466918066506684,drop_missing_source_magnitude,fill_760_mps_for_gmm,rjb=source_distance_km; rhypo/rrup=path_hyp_distance_km,pgv,BooreEtAl2014_Rjb,regional_gmm_bias_corrected,-0.1595426402435911,0.4386959389220668,,0.34573022329646286,1.0839920114617456,1.4481380357537443
esm,station,2.0,18525,2917,1347,200,0,21442,0.18747638326585694,0.14466918066506684,drop_missing_source_magnitude,fill_760_mps_for_gmm,rjb=source_distance_km; rhypo/rrup=path_hyp_distance_km,pgv,AkkarEtAlRjb2014,regional_gmm_bias_corrected,-0.245187905194039,0.43783348137457295,,0.3533179814488272,1.0670462040753437,1.4773474027491837
esm,station,2.0,18525,2917,1347,200,0,21442,0.18747638326585694,0.14466918066506684,drop_missing_source_magnitude,fill_760_mps_for_gmm,rjb=source_distance_km; rhypo/rrup=path_hyp_distance_km,pgv,AkkarEtAlRhyp2014,regional_gmm_bias_corrected,-0.17746175558707789,0.4201612463727395,,0.38770397265970435,1.00459733109287,1.4682826035947143
esm,station,2.0,18525,2917,1347,200,0,21442,0.18747638326585694,0.14466918066506684,drop_missing_source_magnitude,fill_760_mps_for_gmm,rjb=source_distance_km; rhypo/rrup=path_hyp_distance_km,pgv,BindiEtAl2014Rjb,regional_gmm_bias_corrected,-0.13518100004650346,0.44836840361383745,,0.31503420976009244,1.0824675848074377,1.5164931617745638
esm,station,2.0,18525,2917,1347,200,0,21442,0.18747638326585694,0.14466918066506684,drop_missing_source_magnitude,fill_760_mps_for_gmm,rjb=source_distance_km; rhypo/rrup=path_hyp_distance_km,pgv,BindiEtAl2014Rhyp,regional_gmm_bias_corrected,0.025069763039267112,0.4234481746268109,,0.36699308037404044,1.0072715804260626,1.5159200775457835
esm,station,2.0,18525,2917,1347,200,0,21442,0.18747638326585694,0.14466918066506684,drop_missing_source_magnitude,fill_760_mps_for_gmm,rjb=source_distance_km; rhypo/rrup=path_hyp_distance_km,pgv,CauzziEtAl2014,regional_gmm_bias_corrected,-0.3035588998371801,0.4207859043143252,,0.3912358205323453,0.9930557894521782,1.5140401982386043
esm,event,5.0,15421,6000,412,175,0,21442,0.19940341093314312,0.13616666666666666,drop_missing_source_magnitude,fill_760_mps_for_gmm,rjb=source_distance_km; rhypo/rrup=path_hyp_distance_km,pga,early_waveform_distance_site_hgb,early_waveform_model,nan,0.19836752235242655,0.2725737947332679,0.8569793541798345,0.40138873353299076,0.504311570099426
esm,event,5.0,15421,6000,412,175,0,21442,0.19940341093314312,0.13616666666666666,drop_missing_source_magnitude,fill_760_mps_for_gmm,rjb=source_distance_km; rhypo/rrup=path_hyp_distance_km,pga,BooreEtAl2014_Rjb,regional_gmm_bias_corrected,-0.1631049077871915,0.3986677401896654,,0.3986717825986862,0.8709692950768487,1.1462076365218599
esm,event,5.0,15421,6000,412,175,0,21442,0.19940341093314312,0.13616666666666666,drop_missing_source_magnitude,fill_760_mps_for_gmm,rjb=source_distance_km; rhypo/rrup=path_hyp_distance_km,pga,AkkarEtAlRjb2014,regional_gmm_bias_corrected,-0.28125001287241036,0.39115123479029495,,0.4177670000724252,0.8511166135498962,1.1209423808637626
esm,event,5.0,15421,6000,412,175,0,21442,0.19940341093314312,0.13616666666666666,drop_missing_source_magnitude,fill_760_mps_for_gmm,rjb=source_distance_km; rhypo/rrup=path_hyp_distance_km,pga,AkkarEtAlRhyp2014,regional_gmm_bias_corrected,-0.19334840122383934,0.3740205786332858,,0.4608641074011792,0.7958123251473405,1.057902890460577
esm,event,5.0,15421,6000,412,175,0,21442,0.19940341093314312,0.13616666666666666,drop_missing_source_magnitude,fill_760_mps_for_gmm,rjb=source_distance_km; rhypo/rrup=path_hyp_distance_km,pga,BindiEtAl2014Rjb,regional_gmm_bias_corrected,-0.20367002052122268,0.39419827981646904,,0.4090141112738047,0.858767750419006,1.1211134847863915
esm,event,5.0,15421,6000,412,175,0,21442,0.19940341093314312,0.13616666666666666,drop_missing_source_magnitude,fill_760_mps_for_gmm,rjb=source_distance_km; rhypo/rrup=path_hyp_distance_km,pga,BindiEtAl2014Rhyp,regional_gmm_bias_corrected,-0.22802872802653307,0.38293738177827014,,0.4409266072210848,0.8195767407985628,1.0925751918565636
esm,event,5.0,15421,6000,412,175,0,21442,0.19940341093314312,0.13616666666666666,drop_missing_source_magnitude,fill_760_mps_for_gmm,rjb=source_distance_km; rhypo/rrup=path_hyp_distance_km,pga,CauzziEtAl2014,regional_gmm_bias_corrected,-0.2896295420889973,0.3771239554110487,,0.45254856695654055,0.8001591601599083,1.0659609088566804
esm,event,5.0,15421,6000,412,175,0,21442,0.19940341093314312,0.13616666666666666,drop_missing_source_magnitude,fill_760_mps_for_gmm,rjb=source_distance_km; rhypo/rrup=path_hyp_distance_km,pgv,early_waveform_distance_site_hgb,early_waveform_model,nan,0.2645654799885763,0.3603420132081395,0.7559404425719234,0.5765196158225204,0.7427433625535433
esm,event,5.0,15421,6000,412,175,0,21442,0.19940341093314312,0.13616666666666666,drop_missing_source_magnitude,fill_760_mps_for_gmm,rjb=source_distance_km; rhypo/rrup=path_hyp_distance_km,pgv,BooreEtAl2014_Rjb,regional_gmm_bias_corrected,-0.13512703105644364,0.38321876667742316,,0.44347315220615713,0.8363263984135848,1.1317661254957267
esm,event,5.0,15421,6000,412,175,0,21442,0.19940341093314312,0.13616666666666666,drop_missing_source_magnitude,fill_760_mps_for_gmm,rjb=source_distance_km; rhypo/rrup=path_hyp_distance_km,pgv,AkkarEtAlRjb2014,regional_gmm_bias_corrected,-0.2222285640557693,0.3837732229897491,,0.442792307819331,0.8273417963315548,1.1399217014979461
esm,event,5.0,15421,6000,412,175,0,21442,0.19940341093314312,0.13616666666666666,drop_missing_source_magnitude,fill_760_mps_for_gmm,rjb=source_distance_km; rhypo/rrup=path_hyp_distance_km,pgv,AkkarEtAlRhyp2014,regional_gmm_bias_corrected,-0.15984835259898644,0.358290805254841,,0.5078453448795388,0.7421601897639145,1.0221573826568329
esm,event,5.0,15421,6000,412,175,0,21442,0.19940341093314312,0.13616666666666666,drop_missing_source_magnitude,fill_760_mps_for_gmm,rjb=source_distance_km; rhypo/rrup=path_hyp_distance_km,pgv,BindiEtAl2014Rjb,regional_gmm_bias_corrected,-0.10882388935141096,0.38999000556877694,,0.43331283514023955,0.8302855318369513,1.1176505457938997
esm,event,5.0,15421,6000,412,175,0,21442,0.19940341093314312,0.13616666666666666,drop_missing_source_magnitude,fill_760_mps_for_gmm,rjb=source_distance_km; rhypo/rrup=path_hyp_distance_km,pgv,BindiEtAl2014Rhyp,regional_gmm_bias_corrected,0.04328821350825729,0.3588555171875391,,0.5054927180452005,0.7461291627355675,1.0294002870413121
esm,event,5.0,15421,6000,412,175,0,21442,0.19940341093314312,0.13616666666666666,drop_missing_source_magnitude,fill_760_mps_for_gmm,rjb=source_distance_km; rhypo/rrup=path_hyp_distance_km,pgv,CauzziEtAl2014,regional_gmm_bias_corrected,-0.29129528305072516,0.36367857595268266,,0.5034070729955618,0.7578077944932855,1.0300960868578817
esm,station,5.0,18175,3267,1347,200,0,21442,0.19356258596973866,0.11539638812366085,drop_missing_source_magnitude,fill_760_mps_for_gmm,rjb=source_distance_km; rhypo/rrup=path_hyp_distance_km,pga,early_waveform_distance_site_hgb,early_waveform_model,nan,0.22693981347218256,0.2992397569171673,0.8609609324271974,0.48880526451376904,0.5604090904387772
esm,station,5.0,18175,3267,1347,200,0,21442,0.19356258596973866,0.11539638812366085,drop_missing_source_magnitude,fill_760_mps_for_gmm,rjb=source_distance_km; rhypo/rrup=path_hyp_distance_km,pga,BooreEtAl2014_Rjb,regional_gmm_bias_corrected,-0.17053079996656606,0.46764344456639323,,0.22049235471271023,1.095711606497249,1.777551872027783
esm,station,5.0,18175,3267,1347,200,0,21442,0.19356258596973866,0.11539638812366085,drop_missing_source_magnitude,fill_760_mps_for_gmm,rjb=source_distance_km; rhypo/rrup=path_hyp_distance_km,pga,AkkarEtAlRjb2014,regional_gmm_bias_corrected,-0.2840287835913918,0.4562223033626262,,0.25394063630078956,1.0340150616889245,1.8595717358529016
esm,station,5.0,18175,3267,1347,200,0,21442,0.19356258596973866,0.11539638812366085,drop_missing_source_magnitude,fill_760_mps_for_gmm,rjb=source_distance_km; rhypo/rrup=path_hyp_distance_km,pga,AkkarEtAlRhyp2014,regional_gmm_bias_corrected,-0.18911503923452422,0.43918878675263007,,0.2934790924052446,0.9452419904267277,1.8124232460386478
esm,station,5.0,18175,3267,1347,200,0,21442,0.19356258596973866,0.11539638812366085,drop_missing_source_magnitude,fill_760_mps_for_gmm,rjb=source_distance_km; rhypo/rrup=path_hyp_distance_km,pga,BindiEtAl2014Rjb,regional_gmm_bias_corrected,-0.2096373325675559,0.46757722895549464,,0.21871353522357107,1.0572206275961418,1.855871164927934
esm,station,5.0,18175,3267,1347,200,0,21442,0.19356258596973866,0.11539638812366085,drop_missing_source_magnitude,fill_760_mps_for_gmm,rjb=source_distance_km; rhypo/rrup=path_hyp_distance_km,pga,BindiEtAl2014Rhyp,regional_gmm_bias_corrected,-0.22710142074679235,0.45190620626000716,,0.26451283509633927,0.9543682419262282,1.8006456521431968
esm,station,5.0,18175,3267,1347,200,0,21442,0.19356258596973866,0.11539638812366085,drop_missing_source_magnitude,fill_760_mps_for_gmm,rjb=source_distance_km; rhypo/rrup=path_hyp_distance_km,pga,CauzziEtAl2014,regional_gmm_bias_corrected,-0.2865476605719708,0.44494778769948984,,0.2759381608225987,0.947417988374536,1.8218578405883794
esm,station,5.0,18175,3267,1347,200,0,21442,0.19356258596973866,0.11539638812366085,drop_missing_source_magnitude,fill_760_mps_for_gmm,rjb=source_distance_km; rhypo/rrup=path_hyp_distance_km,pgv,early_waveform_distance_site_hgb,early_waveform_model,nan,0.2717546874406334,0.35380788104960664,0.7767333902133661,0.5516189667166704,0.7021774320172017
esm,station,5.0,18175,3267,1347,200,0,21442,0.19356258596973866,0.11539638812366085,drop_missing_source_magnitude,fill_760_mps_for_gmm,rjb=source_distance_km; rhypo/rrup=path_hyp_distance_km,pgv,BooreEtAl2014_Rjb,regional_gmm_bias_corrected,-0.14879390638371914,0.4106558307069397,,0.34142670700681255,0.9721553341032219,1.4379438710260808
esm,station,5.0,18175,3267,1347,200,0,21442,0.19356258596973866,0.11539638812366085,drop_missing_source_magnitude,fill_760_mps_for_gmm,rjb=source_distance_km; rhypo/rrup=path_hyp_distance_km,pgv,AkkarEtAlRjb2014,regional_gmm_bias_corrected,-0.2335339403570178,0.4069898765816878,,0.354849403771746,0.9363857667119706,1.453802950283083
esm,station,5.0,18175,3267,1347,200,0,21442,0.19356258596973866,0.11539638812366085,drop_missing_source_magnitude,fill_760_mps_for_gmm,rjb=source_distance_km; rhypo/rrup=path_hyp_distance_km,pgv,AkkarEtAlRhyp2014,regional_gmm_bias_corrected,-0.1657155440801512,0.3891545163891556,,0.39586120210455733,0.8692755760853537,1.3976235878415482
esm,station,5.0,18175,3267,1347,200,0,21442,0.19356258596973866,0.11539638812366085,drop_missing_source_magnitude,fill_760_mps_for_gmm,rjb=source_distance_km; rhypo/rrup=path_hyp_distance_km,pgv,BindiEtAl2014Rjb,regional_gmm_bias_corrected,-0.12303502732962235,0.4183152033906695,,0.315148633875177,0.9642364552288103,1.4665682094961852
esm,station,5.0,18175,3267,1347,200,0,21442,0.19356258596973866,0.11539638812366085,drop_missing_source_magnitude,fill_760_mps_for_gmm,rjb=source_distance_km; rhypo/rrup=path_hyp_distance_km,pgv,BindiEtAl2014Rhyp,regional_gmm_bias_corrected,0.03568711285793569,0.39323128126626783,,0.37546371083994534,0.8652520848228081,1.452707117509035
esm,station,5.0,18175,3267,1347,200,0,21442,0.19356258596973866,0.11539638812366085,drop_missing_source_magnitude,fill_760_mps_for_gmm,rjb=source_distance_km; rhypo/rrup=path_hyp_distance_km,pgv,CauzziEtAl2014,regional_gmm_bias_corrected,-0.2924716159614644,0.39111744203646637,,0.3999897887958317,0.8469507430047802,1.462583323539723
esm,event,10.0,15437,6000,417,170,0,21442,0.18125283409988988,0.18266666666666667,drop_missing_source_magnitude,fill_760_mps_for_gmm,rjb=source_distance_km; rhypo/rrup=path_hyp_distance_km,pga,early_waveform_distance_site_hgb,early_waveform_model,nan,0.15843780568614702,0.2266333162803058,0.8928473652697865,0.32271408230655824,0.39485458418597025
esm,event,10.0,15437,6000,417,170,0,21442,0.18125283409988988,0.18266666666666667,drop_missing_source_magnitude,fill_760_mps_for_gmm,rjb=source_distance_km; rhypo/rrup=path_hyp_distance_km,pga,BooreEtAl2014_Rjb,regional_gmm_bias_corrected,-0.1683170972446536,0.3980143072415203,,0.36600272113912813,0.8623800064258332,1.1175810863786846
esm,event,10.0,15437,6000,417,170,0,21442,0.18125283409988988,0.18266666666666667,drop_missing_source_magnitude,fill_760_mps_for_gmm,rjb=source_distance_km; rhypo/rrup=path_hyp_distance_km,pga,AkkarEtAlRjb2014,regional_gmm_bias_corrected,-0.28361085307983136,0.3853584837667438,,0.4089728531006639,0.83096011923241,1.0647313003770442
esm,event,10.0,15437,6000,417,170,0,21442,0.18125283409988988,0.18266666666666667,drop_missing_source_magnitude,fill_760_mps_for_gmm,rjb=source_distance_km; rhypo/rrup=path_hyp_distance_km,pga,AkkarEtAlRhyp2014,regional_gmm_bias_corrected,-0.19354036203878344,0.37733089537791964,,0.4284991072813168,0.7997509233525668,1.0316871356764552
esm,event,10.0,15437,6000,417,170,0,21442,0.18125283409988988,0.18266666666666667,drop_missing_source_magnitude,fill_760_mps_for_gmm,rjb=source_distance_km; rhypo/rrup=path_hyp_distance_km,pga,BindiEtAl2014Rjb,regional_gmm_bias_corrected,-0.21030522401965546,0.3946940503892834,,0.376383987025666,0.840547878117233,1.0884325834445796
esm,event,10.0,15437,6000,417,170,0,21442,0.18125283409988988,0.18266666666666667,drop_missing_source_magnitude,fill_760_mps_for_gmm,rjb=source_distance_km; rhypo/rrup=path_hyp_distance_km,pga,BindiEtAl2014Rhyp,regional_gmm_bias_corrected,-0.2347015311680708,0.38223168553333714,,0.4157719069486594,0.8077943332608666,1.0208871231632537
esm,event,10.0,15437,6000,417,170,0,21442,0.18125283409988988,0.18266666666666667,drop_missing_source_magnitude,fill_760_mps_for_gmm,rjb=source_distance_km; rhypo/rrup=path_hyp_distance_km,pga,CauzziEtAl2014,regional_gmm_bias_corrected,-0.290741258466381,0.3808803744565146,,0.4174147079559083,0.8109346341843201,1.0309418749118076
esm,event,10.0,15437,6000,417,170,0,21442,0.18125283409988988,0.18266666666666667,drop_missing_source_magnitude,fill_760_mps_for_gmm,rjb=source_distance_km; rhypo/rrup=path_hyp_distance_km,pgv,early_waveform_distance_site_hgb,early_waveform_model,nan,0.20940952993308107,0.29330407195442776,0.8151112765433884,0.43894077627706485,0.5585465209020392
esm,event,10.0,15437,6000,417,170,0,21442,0.18125283409988988,0.18266666666666667,drop_missing_source_magnitude,fill_760_mps_for_gmm,rjb=source_distance_km; rhypo/rrup=path_hyp_distance_km,pgv,BooreEtAl2014_Rjb,regional_gmm_bias_corrected,-0.15093749658318734,0.39181756587995886,,0.35891730217509454,0.8929259535069418,1.160126688098287
esm,event,10.0,15437,6000,417,170,0,21442,0.18125283409988988,0.18266666666666667,drop_missing_source_magnitude,fill_760_mps_for_gmm,rjb=source_distance_km; rhypo/rrup=path_hyp_distance_km,pgv,AkkarEtAlRjb2014,regional_gmm_bias_corrected,-0.23935635480706874,0.38216303265597745,,0.40840413700081935,0.8430863375855738,1.0526785145312374
esm,event,10.0,15437,6000,417,170,0,21442,0.18125283409988988,0.18266666666666667,drop_missing_source_magnitude,fill_760_mps_for_gmm,rjb=source_distance_km; rhypo/rrup=path_hyp_distance_km,pgv,AkkarEtAlRhyp2014,regional_gmm_bias_corrected,-0.17421139565430432,0.3675785237251968,,0.43959735168492053,0.8055198321369591,1.0264446436179357
esm,event,10.0,15437,6000,417,170,0,21442,0.18125283409988988,0.18266666666666667,drop_missing_source_magnitude,fill_760_mps_for_gmm,rjb=source_distance_km; rhypo/rrup=path_hyp_distance_km,pgv,BindiEtAl2014Rjb,regional_gmm_bias_corrected,-0.12702827015130214,0.39527497703535747,,0.3460387714759702,0.877349948479543,1.1938524076843158
esm,event,10.0,15437,6000,417,170,0,21442,0.18125283409988988,0.18266666666666667,drop_missing_source_magnitude,fill_760_mps_for_gmm,rjb=source_distance_km; rhypo/rrup=path_hyp_distance_km,pgv,BindiEtAl2014Rhyp,regional_gmm_bias_corrected,0.028766630036968444,0.36936239928584474,,0.42418433670263234,0.8071757401060069,1.0753934871198692
esm,event,10.0,15437,6000,417,170,0,21442,0.18125283409988988,0.18266666666666667,drop_missing_source_magnitude,fill_760_mps_for_gmm,rjb=source_distance_km; rhypo/rrup=path_hyp_distance_km,pgv,CauzziEtAl2014,regional_gmm_bias_corrected,-0.3016180043907343,0.3632882196772174,,0.4720334332963294,0.7512177693948094,0.9592659689972455
esm,station,10.0,18738,2704,1347,200,0,21442,0.17323086775536342,0.24001479289940827,drop_missing_source_magnitude,fill_760_mps_for_gmm,rjb=source_distance_km; rhypo/rrup=path_hyp_distance_km,pga,early_waveform_distance_site_hgb,early_waveform_model,nan,0.17911249046770003,0.2326336592344351,0.8533065997495901,0.36014987692165434,0.452087636240024
esm,station,10.0,18738,2704,1347,200,0,21442,0.17323086775536342,0.24001479289940827,drop_missing_source_magnitude,fill_760_mps_for_gmm,rjb=source_distance_km; rhypo/rrup=path_hyp_distance_km,pga,BooreEtAl2014_Rjb,regional_gmm_bias_corrected,-0.17137984690862715,0.3549504292531246,,0.3203975974047968,0.7707348036997282,1.0171058015534764
esm,station,10.0,18738,2704,1347,200,0,21442,0.17323086775536342,0.24001479289940827,drop_missing_source_magnitude,fill_760_mps_for_gmm,rjb=source_distance_km; rhypo/rrup=path_hyp_distance_km,pga,AkkarEtAlRjb2014,regional_gmm_bias_corrected,-0.28363305385404636,0.3415184952181516,,0.37799881175474903,0.7524400198779012,0.9814242128571639
esm,station,10.0,18738,2704,1347,200,0,21442,0.17323086775536342,0.24001479289940827,drop_missing_source_magnitude,fill_760_mps_for_gmm,rjb=source_distance_km; rhypo/rrup=path_hyp_distance_km,pga,AkkarEtAlRhyp2014,regional_gmm_bias_corrected,-0.18834547288979317,0.3147017466365213,,0.4971510593952164,0.6695610474716851,0.854954659419951
esm,station,10.0,18738,2704,1347,200,0,21442,0.17323086775536342,0.24001479289940827,drop_missing_source_magnitude,fill_760_mps_for_gmm,rjb=source_distance_km; rhypo/rrup=path_hyp_distance_km,pga,BindiEtAl2014Rjb,regional_gmm_bias_corrected,-0.2102921695244088,0.34417510274293844,,0.36171831087829953,0.7685684667300351,0.974780383932756
esm,station,10.0,18738,2704,1347,200,0,21442,0.17323086775536342,0.24001479289940827,drop_missing_source_magnitude,fill_760_mps_for_gmm,rjb=source_distance_km; rhypo/rrup=path_hyp_distance_km,pga,BindiEtAl2014Rhyp,regional_gmm_bias_corrected,-0.22737960252217176,0.31678596425743843,,0.4925076692181427,0.6916558594021395,0.8467080993042881
esm,station,10.0,18738,2704,1347,200,0,21442,0.17323086775536342,0.24001479289940827,drop_missing_source_magnitude,fill_760_mps_for_gmm,rjb=source_distance_km; rhypo/rrup=path_hyp_distance_km,pga,CauzziEtAl2014,regional_gmm_bias_corrected,-0.28623152379238925,0.31615052113660097,,0.4938501916543556,0.6757080798563173,0.8475091821165034
esm,station,10.0,18738,2704,1347,200,0,21442,0.17323086775536342,0.24001479289940827,drop_missing_source_magnitude,fill_760_mps_for_gmm,rjb=source_distance_km; rhypo/rrup=path_hyp_distance_km,pgv,early_waveform_distance_site_hgb,early_waveform_model,nan,0.2269613219428153,0.30328720802361275,0.7779108943178652,0.484838423527487,0.6100422975181193
esm,station,10.0,18738,2704,1347,200,0,21442,0.17323086775536342,0.24001479289940827,drop_missing_source_magnitude,fill_760_mps_for_gmm,rjb=source_distance_km; rhypo/rrup=path_hyp_distance_km,pgv,BooreEtAl2014_Rjb,regional_gmm_bias_corrected,-0.1526955444532494,0.35884336141037965,,0.4024772172529134,0.7716927548971786,1.0059954507043232
esm,station,10.0,18738,2704,1347,200,0,21442,0.17323086775536342,0.24001479289940827,drop_missing_source_magnitude,fill_760_mps_for_gmm,rjb=source_distance_km; rhypo/rrup=path_hyp_distance_km,pgv,AkkarEtAlRjb2014,regional_gmm_bias_corrected,-0.23773409303845938,0.3519883618818101,,0.43123248794336844,0.7470058681885268,0.957104434539508
esm,station,10.0,18738,2704,1347,200,0,21442,0.17323086775536342,0.24001479289940827,drop_missing_source_magnitude,fill_760_mps_for_gmm,rjb=source_distance_km; rhypo/rrup=path_hyp_distance_km,pgv,AkkarEtAlRhyp2014,regional_gmm_bias_corrected,-0.16894534387365523,0.32732517216848545,,0.5088168624367431,0.6810575867955476,0.8757473751403103
esm,station,10.0,18738,2704,1347,200,0,21442,0.17323086775536342,0.24001479289940827,drop_missing_source_magnitude,fill_760_mps_for_gmm,rjb=source_distance_km; rhypo/rrup=path_hyp_distance_km,pgv,BindiEtAl2014Rjb,regional_gmm_bias_corrected,-0.12697739975532618,0.36080074409086815,,0.40452376804870427,0.7564354366628016,0.9932117459283147
esm,station,10.0,18738,2704,1347,200,0,21442,0.17323086775536342,0.24001479289940827,drop_missing_source_magnitude,fill_760_mps_for_gmm,rjb=source_distance_km; rhypo/rrup=path_hyp_distance_km,pgv,BindiEtAl2014Rhyp,regional_gmm_bias_corrected,0.033106867315279453,0.3262365847014293,,0.5113181780307228,0.666078223732683,0.8619244012609941
esm,station,10.0,18738,2704,1347,200,0,21442,0.17323086775536342,0.24001479289940827,drop_missing_source_magnitude,fill_760_mps_for_gmm,rjb=source_distance_km; rhypo/rrup=path_hyp_distance_km,pgv,CauzziEtAl2014,regional_gmm_bias_corrected,-0.295675012968189,0.3294734191816094,,0.5160532251638967,0.6624161274217906,0.8604520797981245
