record_id,event_id,station_group,zip_path,source_distance_km,source_depth_km,target_pga,target_log10_pga,detected,reason,p_arrival_offset_s,peak_to_noise,noise_rms,threshold,proxy_onset_offset_s,delta_s,abs_delta_s,high_confidence
INT-20250201_0000058:HC.ABEA,INT-20250201_0000058,HC.ABEA,/Users/yojironoda/Documents/New project 2/outputs/strong_motion_downloads/欧洲_ESM/2025-02/ESM_INT-20250201_0000058_ASCII.zip,189.0,7.0,0.031519278883934,-1.5014237271060469,False,below_threshold,58.52259753424803,2.557530164718628,0.0032204356975853443,0.01526099513284862,,,,
INT-20250202_0000100:HL.HERG.00,INT-20250202_0000100,HL.HERG.00,/Users/yojironoda/Documents/New project 2/outputs/strong_motion_downloads/欧洲_ESM/2025-02/ESM_INT-20250202_0000100_ASCII.zip,153.1,14.6,0.2447390258312225,-0.6112967729785398,True,,20.632428462572346,11.88807201385498,0.003427995601668954,0.015282479580491781,22.755,2.1225715374276533,2.1225715374276533,True
INT-20250202_0000170:HL.TNSA.00,INT-20250202_0000170,HL.TNSA.00,/Users/yojironoda/Documents/New project 2/outputs/strong_motion_downloads/欧洲_ESM/2025-02/ESM_INT-20250202_0000170_ASCII.zip,112.9,9.0,2.6909613609313965,0.4299074618459709,True,,19.8763594065287,49.75910949707031,0.002220715628936887,0.010956355836242437,20.645,0.7686405934713001,0.7686405934713001,True
INT-20250202_0000182:HI.KRL1,INT-20250202_0000182,HI.KRL1,/Users/yojironoda/Documents/New project 2/outputs/strong_motion_downloads/欧洲_ESM/2025-02/ESM_INT-20250202_0000182_ASCII.zip,158.3,10.6,0.1465782821178436,-0.8339303724990594,False,below_threshold,16.442416472192722,1.905817985534668,0.008824074640870094,0.04502185620367527,,,,
INT-20250202_0000201:HL.YDRA.00,INT-20250202_0000201,HL.YDRA.00,/Users/yojironoda/Documents/New project 2/outputs/strong_motion_downloads/欧洲_ESM/2025-02/ESM_INT-20250202_0000201_ASCII.zip,214.0,14.0,0.0965385288000106,-1.0152993239025103,True,,19.74290916469385,8.526002883911133,0.0014010296436026692,0.007291586953215301,23.51,3.7670908353061527,3.7670908353061527,True
INT-20250202_0000298:HL.SMG.00,INT-20250202_0000298,HL.SMG.00,/Users/yojironoda/Documents/New project 2/outputs/strong_motion_downloads/欧洲_ESM/2025-02/ESM_INT-20250202_0000298_ASCII.zip,158.2,13.4,0.1578920632600784,-0.8016397000675942,True,,59.461082534335006,13.050567626953125,0.0016712626675143838,0.007659044349566102,62.17,2.708917465664996,2.708917465664996,True
INT-20250202_0000331:KO.YKAV,INT-20250202_0000331,KO.YKAV,/Users/yojironoda/Documents/New project 2/outputs/strong_motion_downloads/欧洲_ESM/2025-02/ESM_INT-20250202_0000331_ASCII.zip,158.4,13.1,0.0297468639910221,-1.5265588122272769,False,below_threshold,16.490129188896844,3.022581100463867,0.0014839372597634792,0.0077774160308763385,,,,
INT-20250203_0000142:KO.CESE,INT-20250203_0000142,KO.CESE,/Users/yojironoda/Documents/New project 2/outputs/strong_motion_downloads/欧洲_ESM/2025-02/ESM_INT-20250203_0000142_ASCII.zip,201.6,15.9,0.0882738158106803,-1.054168099766979,False,below_threshold,59.704339483217886,1.1233851909637451,0.026023361831903458,0.1299036107957363,,,,
INT-20250203_0000205:HL.KLNA.00,INT-20250203_0000205,HL.KLNA.00,/Users/yojironoda/Documents/New project 2/outputs/strong_motion_downloads/欧洲_ESM/2025-02/ESM_INT-20250203_0000205_ASCII.zip,114.9,10.5,1.8422601222991943,0.2653509514326398,True,,16.229794590686613,6.14796257019043,0.020876729860901833,0.10550835811048746,23.14,6.910205409313388,6.910205409313388,False
INT-20250203_0000205:HI.HER3,INT-20250203_0000205,HI.HER3,/Users/yojironoda/Documents/New project 2/outputs/strong_motion_downloads/欧洲_ESM/2025-02/ESM_INT-20250203_0000205_ASCII.zip,156.4,10.5,3.5679757595062256,0.5524218951579962,True,,58.125344229523776,12.069300651550293,0.02018122188746929,0.08409755304455757,61.57,3.444655770476224,3.444655770476224,True
INT-20250203_0000243:KO.YKAV,INT-20250203_0000243,KO.YKAV,/Users/yojironoda/Documents/New project 2/outputs/strong_motion_downloads/欧洲_ESM/2025-02/ESM_INT-20250203_0000243_ASCII.zip,147.5,14.9,0.0359878577291965,-1.4438440050858958,False,below_threshold,17.70844435050945,3.0840320587158203,0.0017685926286503673,0.008876430802047253,,,,
INT-20250203_0000382:HI.ARK1,INT-20250203_0000382,HI.ARK1,/Users/yojironoda/Documents/New project 2/outputs/strong_motion_downloads/欧洲_ESM/2025-02/ESM_INT-20250203_0000382_ASCII.zip,170.2,13.1,0.1578332483768463,-0.8018015051468546,False,below_threshold,46.45056629000945,3.8961565494537354,0.0037596679758280516,0.017159180715680122,,,,
INT-20250203_0000412:KO.YKAV,INT-20250203_0000412,KO.YKAV,/Users/yojironoda/Documents/New project 2/outputs/strong_motion_downloads/欧洲_ESM/2025-02/ESM_INT-20250203_0000412_ASCII.zip,155.4,10.0,0.0457794927060604,-1.3393290241599325,False,below_threshold,14.953569653860296,1.7889872789382935,0.0032478822395205498,0.014167131157591939,,,,
INT-20250204_0000020:KO.BODM,INT-20250204_0000020,KO.BODM,/Users/yojironoda/Documents/New project 2/outputs/strong_motion_downloads/欧洲_ESM/2025-02/ESM_INT-20250204_0000020_ASCII.zip,160.5,8.0,0.0414296202361583,-1.3826890476357336,True,,18.78320887753702,5.348653793334961,0.0011201594024896622,0.0056580634554848075,26.7,7.916791122462978,7.916791122462978,False
INT-20250204_0000020:HL.MILA.00,INT-20250204_0000020,HL.MILA.00,/Users/yojironoda/Documents/New project 2/outputs/strong_motion_downloads/欧洲_ESM/2025-02/ESM_INT-20250204_0000020_ASCII.zip,114.5,8.0,1.5471489429473877,0.1895321249382003,True,,19.12985595577993,35.89069747924805,0.003869392676278949,0.01661413349211216,20.23,1.1001440442200696,1.1001440442200696,True
INT-20250204_0000173:HL.IACM,INT-20250204_0000173,HL.IACM,/Users/yojironoda/Documents/New project 2/outputs/strong_motion_downloads/欧洲_ESM/2025-02/ESM_INT-20250204_0000173_ASCII.zip,163.0,14.8,0.347220629453659,-0.4593944799479221,True,,20.278420449546235,5.371413230895996,0.010353106074035168,0.04936138167977333,27.265,6.986579550453765,6.986579550453765,False
INT-20250204_0000174:HL.RODB.00,INT-20250204_0000174,HL.RODB.00,/Users/yojironoda/Documents/New project 2/outputs/strong_motion_downloads/欧洲_ESM/2025-02/ESM_INT-20250204_0000174_ASCII.zip,217.6,10.5,0.1223270744085311,-0.9124774107894462,True,,5.308864084560824,1074.614013671875,1.520741807325976e-05,5.4514259682036935e-05,3.295,-2.013864084560824,2.013864084560824,True
INT-20250204_0000177:KO.DATC,INT-20250204_0000177,KO.DATC,/Users/yojironoda/Documents/New project 2/outputs/strong_motion_downloads/欧洲_ESM/2025-02/ESM_INT-20250204_0000177_ASCII.zip,171.7,7.9,0.1216476336121559,-0.9148963348973927,False,below_threshold,16.646940887679822,1.8482131958007812,0.01768137887120247,0.10037016123533249,,,,
INT-20250204_0000249:HL.HERG.00,INT-20250204_0000249,HL.HERG.00,/Users/yojironoda/Documents/New project 2/outputs/strong_motion_downloads/欧洲_ESM/2025-02/ESM_INT-20250204_0000249_ASCII.zip,154.0,12.8,0.6506137847900391,-0.1866767394021102,True,,19.755172080358715,18.47439193725586,0.005372362211346626,0.020459238439798355,21.695,1.939827919641285,1.939827919641285,True
INT-20250204_0000249:HI.KIS1,INT-20250204_0000249,HI.KIS1,/Users/yojironoda/Documents/New project 2/outputs/strong_motion_downloads/欧洲_ESM/2025-02/ESM_INT-20250204_0000249_ASCII.zip,222.1,12.8,0.1519403457641601,-0.8183268896251923,True,,36.078089516886145,5.787057876586914,0.007102748844772577,0.030234125442802906,39.22,3.141910483113854,3.141910483113854,False
INT-20250204_0000333:HL.KARP,INT-20250204_0000333,HL.KARP,/Users/yojironoda/Documents/New project 2/outputs/strong_motion_downloads/欧洲_ESM/2025-02/ESM_INT-20250204_0000333_ASCII.zip,180.1,14.1,0.0010416852310299,-2.982263493204009,False,below_threshold,64.1085166983991,2.1345815658569336,0.00013305294851306826,0.0005546322063310072,,,,
INT-20250204_0000392:KO.KUSD,INT-20250204_0000392,KO.KUSD,/Users/yojironoda/Documents/New project 2/outputs/strong_motion_downloads/欧洲_ESM/2025-02/ESM_INT-20250204_0000392_ASCII.zip,199.9,12.8,0.0215369053184986,-1.666816701207765,False,below_threshold,15.38489761686995,2.952143430709839,0.0013322477461770177,0.007309225620701909,,,,
INT-20250205_0000027:HL.AMGA.00,INT-20250205_0000027,HL.AMGA.00,/Users/yojironoda/Documents/New project 2/outputs/strong_motion_downloads/欧洲_ESM/2025-02/ESM_INT-20250205_0000027_ASCII.zip,27.4,10.8,1.8104604482650757,0.2577890415596289,True,,18.90860921692127,161.3903045654297,0.004417347721755505,0.01872553490102291,20.715,1.8063907830787294,1.8063907830787294,True
INT-20250205_0000194:KO.GMLD,INT-20250205_0000194,KO.GMLD,/Users/yojironoda/Documents/New project 2/outputs/strong_motion_downloads/欧洲_ESM/2025-02/ESM_INT-20250205_0000194_ASCII.zip,188.7,9.8,0.7936535477638245,-0.1003690380391021,False,below_threshold,13.492384440968863,1.583234190940857,0.14966024458408356,0.8603255450725555,,,,
INT-20250205_0000202:HL.IACM,INT-20250205_0000202,HL.IACM,/Users/yojironoda/Documents/New project 2/outputs/strong_motion_downloads/欧洲_ESM/2025-02/ESM_INT-20250205_0000202_ASCII.zip,162.0,8.8,0.2024633437395095,-0.6936535949318053,False,below_threshold,38.03980604795662,2.399885416030884,0.019810890778899193,0.0946304015815258,,,,
INT-20250205_0000318:HL.SAP3,INT-20250205_0000318,HL.SAP3,/Users/yojironoda/Documents/New project 2/outputs/strong_motion_downloads/欧洲_ESM/2025-02/ESM_INT-20250205_0000318_ASCII.zip,40.3,19.4,27.258073806762695,1.4354951631402453,True,,20.454398403329108,169.94290161132812,0.058265965431928635,0.290428027510643,21.95,1.495601596670891,1.495601596670891,True
INT-20250206_0000052:KO.GMLD,INT-20250206_0000052,KO.GMLD,/Users/yojironoda/Documents/New project 2/outputs/strong_motion_downloads/欧洲_ESM/2025-02/ESM_INT-20250206_0000052_ASCII.zip,199.0,14.7,0.2821137607097626,-0.5495757296739016,False,below_threshold,13.25703350838402,2.9836032390594482,0.008448823355138302,0.06442858129888773,,,,
INT-20250206_0000056:KO.DIDI,INT-20250206_0000056,KO.DIDI,/Users/yojironoda/Documents/New project 2/outputs/strong_motion_downloads/欧洲_ESM/2025-02/ESM_INT-20250206_0000056_ASCII.zip,167.0,11.4,0.1881193965673446,-0.7255664230149053,False,below_threshold,14.898108259243035,1.832449197769165,0.030104180797934532,0.17524204179942607,,,,
INT-20250206_0000116:HI.HER1,INT-20250206_0000116,HI.HER1,/Users/yojironoda/Documents/New project 2/outputs/strong_motion_downloads/欧洲_ESM/2025-02/ESM_INT-20250206_0000116_ASCII.zip,148.2,9.1,0.186644822359085,-0.7289840531637007,True,,17.746520518605795,9.786115646362305,0.0030280763749033213,0.01446272130124271,20.48,2.7334794813942054,2.7334794813942054,True
INT-20250206_0000116:HI.KRL1,INT-20250206_0000116,HI.KRL1,/Users/yojironoda/Documents/New project 2/outputs/strong_motion_downloads/欧洲_ESM/2025-02/ESM_INT-20250206_0000116_ASCII.zip,164.8,9.1,0.0895092859864234,-1.048131907215207,False,below_threshold,16.50850878465708,2.089211940765381,0.006538234651088715,0.03578693140298128,,,,
INT-20250206_0000236:KO.YKAV,INT-20250206_0000236,KO.YKAV,/Users/yojironoda/Documents/New project 2/outputs/strong_motion_downloads/欧洲_ESM/2025-02/ESM_INT-20250206_0000236_ASCII.zip,160.7,10.0,0.1636293977499008,-0.7861386680631971,False,below_threshold,30.83513969075291,1.3203269243240356,0.02509702742099762,0.12242797762155533,,,,
INT-20250206_0000327:HI.HER3,INT-20250206_0000327,HI.HER3,/Users/yojironoda/Documents/New project 2/outputs/strong_motion_downloads/欧洲_ESM/2025-02/ESM_INT-20250206_0000327_ASCII.zip,148.2,14.7,0.6649002432823181,-0.1772435081432867,False,below_threshold,18.821210687635684,3.3308756351470947,0.020268691703677177,0.09652187116444111,,,,
INT-20250207_0000064:HL.YDRA.00,INT-20250207_0000064,HL.YDRA.00,/Users/yojironoda/Documents/New project 2/outputs/strong_motion_downloads/欧洲_ESM/2025-02/ESM_INT-20250207_0000064_ASCII.zip,188.3,28.7,0.1142800226807594,-0.9420296820963676,False,below_threshold,14.745769621933707,2.624929189682007,0.003698541084304452,0.019066615495830774,,,,
INT-20250207_0000070:HL.NISR,INT-20250207_0000070,HL.NISR,/Users/yojironoda/Documents/New project 2/outputs/strong_motion_downloads/欧洲_ESM/2025-02/ESM_INT-20250207_0000070_ASCII.zip,133.2,10.5,0.2412949800491333,-0.617451713149808,False,below_threshold,29.268868404119683,1.8972300291061401,0.02835574373602867,0.1194898970425129,,,,
INT-20250207_0000094:KO.BODA,INT-20250207_0000094,KO.BODA,/Users/yojironoda/Documents/New project 2/outputs/strong_motion_downloads/欧洲_ESM/2025-02/ESM_INT-20250207_0000094_ASCII.zip,170.8,6.5,0.1584735661745071,-0.8000431689159271,False,below_threshold,55.487272986760644,1.292048692703247,0.014890325255692005,0.06458827294409275,,,,
INT-20250207_0000105:KO.YKAV,INT-20250207_0000105,KO.YKAV,/Users/yojironoda/Documents/New project 2/outputs/strong_motion_downloads/欧洲_ESM/2025-02/ESM_INT-20250207_0000105_ASCII.zip,155.3,11.0,0.1314601600170135,-0.8812058434198402,False,below_threshold,55.948180197377155,1.7247822284698486,0.01413449551910162,0.06714874878525734,,,,
INT-20250207_0000110:HL.HERG.00,INT-20250207_0000110,HL.HERG.00,/Users/yojironoda/Documents/New project 2/outputs/strong_motion_downloads/欧洲_ESM/2025-02/ESM_INT-20250207_0000110_ASCII.zip,148.3,12.0,0.5731200575828552,-0.2417543921963699,True,,18.79745170599413,19.642704010009766,0.00447980547323823,0.021515488624572754,20.415,1.6175482940058679,1.6175482940058679,True
INT-20250207_0000110:HL.VELA.00,INT-20250207_0000110,HL.VELA.00,/Users/yojironoda/Documents/New project 2/outputs/strong_motion_downloads/欧洲_ESM/2025-02/ESM_INT-20250207_0000110_ASCII.zip,297.9,12.0,0.1858977973461151,-0.7307257560381873,True,,52.690265646301384,7.8021721839904785,0.0020696076098829508,0.008844106923788786,56.68,3.9897343536986156,3.9897343536986156,False
INT-20250207_0000299:IV.VBKS,INT-20250207_0000299,IV.VBKS,/Users/yojironoda/Documents/New project 2/outputs/strong_motion_downloads/欧洲_ESM/2025-02/ESM_INT-20250207_0000299_ASCII.zip,180.6,6.9,0.0264202523976564,-1.5780630378045404,False,below_threshold,54.12196042756845,1.359803557395935,0.0016009710961952806,0.0077918171882629395,,,,
INT-20250207_0000299:IT.ORP,INT-20250207_0000299,IT.ORP,/Users/yojironoda/Documents/New project 2/outputs/strong_motion_downloads/欧洲_ESM/2025-02/ESM_INT-20250207_0000299_ASCII.zip,326.3,6.9,0.3316845893859863,-0.479274706050926,True,,68.39549103045624,4.400010108947754,0.016372794285416603,0.0691450797021389,61.745000000000005,-6.650491030456237,6.650491030456237,False
INT-20250207_0000299:IT.BAN,INT-20250207_0000299,IT.BAN,/Users/yojironoda/Documents/New project 2/outputs/strong_motion_downloads/欧洲_ESM/2025-02/ESM_INT-20250207_0000299_ASCII.zip,268.0,6.9,0.4689282476902008,-0.3288936050805709,False,below_threshold,67.68146831865658,2.8451528549194336,0.021409859880805016,0.11649005506932734,,,,
INT-20250208_0000125:HL.CHNB.00,INT-20250208_0000125,HL.CHNB.00,/Users/yojironoda/Documents/New project 2/outputs/strong_motion_downloads/欧洲_ESM/2025-02/ESM_INT-20250208_0000125_ASCII.zip,200.8,11.0,0.0899886265397071,-1.0458123765959413,False,below_threshold,53.51684485283317,2.9682886600494385,0.0034029390662908554,0.01569894840940833,,,,
INT-20250208_0000141:HI.ARK1,INT-20250208_0000141,HI.ARK1,/Users/yojironoda/Documents/New project 2/outputs/strong_motion_downloads/欧洲_ESM/2025-02/ESM_INT-20250208_0000141_ASCII.zip,161.5,14.6,0.4446805715560913,-0.3519518448040515,True,,19.027432534753004,9.98962116241455,0.0038130679167807102,0.017707240767776966,23.12,4.092567465246997,4.092567465246997,True
INT-20250209_0000019:HL.SAP3,INT-20250209_0000019,HL.SAP3,/Users/yojironoda/Documents/New project 2/outputs/strong_motion_downloads/欧洲_ESM/2025-02/ESM_INT-20250209_0000019_ASCII.zip,31.1,11.9,25.212148666381836,1.401609859329308,True,,19.549824822060202,71.7365951538086,0.14475791156291962,0.6912809610366821,20.03,0.4801751779397989,0.4801751779397989,True
INT-20250209_0000053:HI.SFR2,INT-20250209_0000053,HI.SFR2,/Users/yojironoda/Documents/New project 2/outputs/strong_motion_downloads/欧洲_ESM/2025-02/ESM_INT-20250209_0000053_ASCII.zip,25.1,13.7,0.988671898841858,-0.0049478096805683,True,,35.76590903069801,10.94541072845459,0.03199444338679314,0.1403823122382164,39.675000000000004,3.9090909693019924,3.9090909693019924,True
INT-20250209_0000154:HL.NISR,INT-20250209_0000154,HL.NISR,/Users/yojironoda/Documents/New project 2/outputs/strong_motion_downloads/欧洲_ESM/2025-02/ESM_INT-20250209_0000154_ASCII.zip,127.6,12.2,0.3138658404350281,-0.5032559481350712,True,,18.36365033311385,11.753947257995605,0.00430760532617569,0.01930737169459462,21.080000000000002,2.7163496668861526,2.7163496668861526,True
INT-20250210_0000172:HL.SMG.00,INT-20250210_0000172,HL.SMG.00,/Users/yojironoda/Documents/New project 2/outputs/strong_motion_downloads/欧洲_ESM/2025-02/ESM_INT-20250210_0000172_ASCII.zip,145.0,17.7,1.0714229345321655,0.0299609385032955,True,,20.346052611825552,172.35594177246094,0.0005135945975780487,0.0024108236539177597,20.84,0.4939473881744476,0.4939473881744476,True
INT-20250210_0000370:HI.KTL1,INT-20250210_0000370,HI.KTL1,/Users/yojironoda/Documents/New project 2/outputs/strong_motion_downloads/欧洲_ESM/2025-02/ESM_INT-20250210_0000370_ASCII.zip,168.5,11.8,1.285746455192566,0.1091553356433861,True,,20.1521116239775,49.98576354980469,0.0021555088460445404,0.010671720374375582,21.365000000000002,1.2128883760225015,1.2128883760225015,True
INT-20250210_0000394:KO.KUSD,INT-20250210_0000394,KO.KUSD,/Users/yojironoda/Documents/New project 2/outputs/strong_motion_downloads/欧洲_ESM/2025-02/ESM_INT-20250210_0000394_ASCII.zip,187.0,11.3,0.0677943006157875,-1.1688068152060165,False,below_threshold,58.22351766786625,1.5413826704025269,0.008605598472058773,0.04090855363756418,,,,
INT-20250210_0000418:HI.KRL1,INT-20250210_0000418,HI.KRL1,/Users/yojironoda/Documents/New project 2/outputs/strong_motion_downloads/欧洲_ESM/2025-02/ESM_INT-20250210_0000418_ASCII.zip,154.5,13.3,1.6584904193878174,0.219712967071044,True,,59.84523381807777,38.040069580078125,0.0036936418619006872,0.01843311358243227,60.6,0.7547661819222284,0.7547661819222284,True
INT-20250211_0000044:KO.CESE,INT-20250211_0000044,KO.CESE,/Users/yojironoda/Documents/New project 2/outputs/strong_motion_downloads/欧洲_ESM/2025-02/ESM_INT-20250211_0000044_ASCII.zip,189.5,12.7,0.5283191204071045,-0.2771036714689714,False,below_threshold,58.65418174937116,1.8632676601409912,0.044283896684646606,0.2052009478211403,,,,
INT-20250211_0000058:HI.RPN1,INT-20250211_0000058,HI.RPN1,/Users/yojironoda/Documents/New project 2/outputs/strong_motion_downloads/欧洲_ESM/2025-02/ESM_INT-20250211_0000058_ASCII.zip,223.2,11.9,0.0196061320602893,-1.707608076427141,False,below_threshold,41.25283359841384,2.3484206199645996,0.0014634132385253906,0.007254299707710743,,,,
INT-20250211_0000094:KO.DATC,INT-20250211_0000094,KO.DATC,/Users/yojironoda/Documents/New project 2/outputs/strong_motion_downloads/欧洲_ESM/2025-02/ESM_INT-20250211_0000094_ASCII.zip,163.9,10.0,0.4059450626373291,-0.3915327363928262,False,below_threshold,59.36746344759696,1.3729448318481445,0.06040656939148903,0.2980072796344757,,,,
INT-20250211_0000109:KO.DATC,INT-20250211_0000109,KO.DATC,/Users/yojironoda/Documents/New project 2/outputs/strong_motion_downloads/欧洲_ESM/2025-02/ESM_INT-20250211_0000109_ASCII.zip,165.9,13.2,0.3074738681316376,-0.5121917885340421,False,below_threshold,12.737384519813688,2.6088063716888428,0.035974521189928055,0.23617432049512863,,,,
INT-20250211_0000114:HL.PSRA.00,INT-20250211_0000114,HL.PSRA.00,/Users/yojironoda/Documents/New project 2/outputs/strong_motion_downloads/欧洲_ESM/2025-02/ESM_INT-20250211_0000114_ASCII.zip,204.0,12.1,0.0646571666002273,-1.189383330916049,False,below_threshold,24.05975549595805,3.877608060836792,0.0056150746531784534,0.027650688774883747,,,,
INT-20250211_0000121:HI.ARK1,INT-20250211_0000121,HI.ARK1,/Users/yojironoda/Documents/New project 2/outputs/strong_motion_downloads/欧洲_ESM/2025-02/ESM_INT-20250211_0000121_ASCII.zip,174.0,15.8,0.8211434483528137,-0.0855809678669773,True,,20.11931394185729,29.26235580444336,0.0022826942149549723,0.01047065481543541,21.85,1.7306860581427124,1.7306860581427124,True
INT-20250211_0000187:HL.MILA.00,INT-20250211_0000187,HL.MILA.00,/Users/yojironoda/Documents/New project 2/outputs/strong_motion_downloads/欧洲_ESM/2025-02/ESM_INT-20250211_0000187_ASCII.zip,119.1,11.3,2.676970958709717,0.4276436597410862,True,,19.93914352334233,28.453641891479492,0.009404832497239113,0.04436494316905737,21.545,1.6058564766576708,1.6058564766576708,True
INT-20250212_0000122:KO.DIDI,INT-20250212_0000122,KO.DIDI,/Users/yojironoda/Documents/New project 2/outputs/strong_motion_downloads/欧洲_ESM/2025-02/ESM_INT-20250212_0000122_ASCII.zip,167.6,16.2,0.8111574053764343,-0.0908948626158358,False,below_threshold,57.06351922177814,2.23371958732605,0.12018559873104095,0.5419819429516792,,,,
INT-20250212_0000122:HL.MNVA.00,INT-20250212_0000122,HL.MNVA.00,/Users/yojironoda/Documents/New project 2/outputs/strong_motion_downloads/欧洲_ESM/2025-02/ESM_INT-20250212_0000122_ASCII.zip,232.5,16.2,0.0706960409879684,-1.1506049062203731,False,below_threshold,22.84395062297346,1.489606499671936,0.006909164134413004,0.03399586072191596,,,,
INT-20250212_0000122:HT.LES3,INT-20250212_0000122,HT.LES3,/Users/yojironoda/Documents/New project 2/outputs/strong_motion_downloads/欧洲_ESM/2025-02/ESM_INT-20250212_0000122_ASCII.zip,305.2,16.2,0.5185328125953674,-0.2852237563854179,False,below_threshold,53.93727419316224,1.4213167428970337,0.08516363054513931,0.42206719517707825,,,,
INT-20250212_0000122:HI.PIR2,INT-20250212_0000122,HI.PIR2,/Users/yojironoda/Documents/New project 2/outputs/strong_motion_downloads/欧洲_ESM/2025-02/ESM_INT-20250212_0000122_ASCII.zip,230.3,16.2,0.8450607061386108,-0.0731120917674275,True,,17.47817924197789,13.79314136505127,0.009980469010770321,0.06518380785658956,21.82,4.341820758022109,4.341820758022109,True
INT-20250212_0000137:KO.DIDI,INT-20250212_0000137,KO.DIDI,/Users/yojironoda/Documents/New project 2/outputs/strong_motion_downloads/欧洲_ESM/2025-02/ESM_INT-20250212_0000137_ASCII.zip,166.4,8.8,0.9075585603713988,-0.0421253424619626,False,below_threshold,14.772088306227332,2.163241147994995,0.113261379301548,0.6204316765069962,,,,
INT-20250212_0000138:HL.AMGA.00,INT-20250212_0000138,HL.AMGA.00,/Users/yojironoda/Documents/New project 2/outputs/strong_motion_downloads/欧洲_ESM/2025-02/ESM_INT-20250212_0000138_ASCII.zip,34.5,8.5,0.0452048555016517,-1.3448149146505564,True,,14.921946001479956,5.860198020935059,0.002510206773877144,0.01253842725418508,16.22,1.298053998520043,1.298053998520043,False
INT-20250212_0000138:HC.ABEA,INT-20250212_0000138,HC.ABEA,/Users/yojironoda/Documents/New project 2/outputs/strong_motion_downloads/欧洲_ESM/2025-02/ESM_INT-20250212_0000138_ASCII.zip,189.5,8.5,0.0953653901815414,-1.0206092099953814,False,below_threshold,59.61608957584794,2.046525716781616,0.00751374801620841,0.035843062214553356,,,,
INT-20250212_0000139:HI.KRL1,INT-20250212_0000139,HI.KRL1,/Users/yojironoda/Documents/New project 2/outputs/strong_motion_downloads/欧洲_ESM/2025-02/ESM_INT-20250212_0000139_ASCII.zip,162.3,12.7,0.3266149163246155,-0.4859639851549434,True,,50.13268836252276,14.47319221496582,0.003236447460949421,0.0159131595864892,54.11,3.977311637477243,3.977311637477243,True
INT-20250212_0000354:KO.CESE,INT-20250212_0000354,KO.CESE,/Users/yojironoda/Documents/New project 2/outputs/strong_motion_downloads/欧洲_ESM/2025-02/ESM_INT-20250212_0000354_ASCII.zip,199.1,11.4,0.1535155922174453,-0.813847507678019,False,below_threshold,59.23768360026178,1.5971057415008545,0.026596510782837868,0.12720240280032158,,,,
INT-20250213_0000203:KO.BODM,INT-20250213_0000203,KO.BODM,/Users/yojironoda/Documents/New project 2/outputs/strong_motion_downloads/欧洲_ESM/2025-02/ESM_INT-20250213_0000203_ASCII.zip,162.2,13.0,0.1546282172203064,-0.8107112512658746,True,,22.120021304481963,44.30135726928711,0.0006212486186996102,0.0030834722565487027,22.830000000000002,0.7099786955180392,0.7099786955180392,True
INT-20250213_0000203:HL.KARA.00,INT-20250213_0000203,HL.KARA.00,/Users/yojironoda/Documents/New project 2/outputs/strong_motion_downloads/欧洲_ESM/2025-02/ESM_INT-20250213_0000203_ASCII.zip,189.8,13.0,0.1602599918842315,-0.7951748835882041,True,,26.70744742520631,11.319453239440918,0.0018661016365513206,0.004932140093296766,20.41,-6.297447425206311,6.297447425206311,True
INT-20250215_0000038:KO.YKAV,INT-20250215_0000038,KO.YKAV,/Users/yojironoda/Documents/New project 2/outputs/strong_motion_downloads/欧洲_ESM/2025-02/ESM_INT-20250215_0000038_ASCII.zip,152.5,11.5,0.0356986112892627,-1.447348678037408,False,below_threshold,18.48883197707489,2.2553622722625732,0.00209777127020061,0.01011993968859315,,,,
INT-20250216_0000230:HI.CH03,INT-20250216_0000230,HI.CH03,/Users/yojironoda/Documents/New project 2/outputs/strong_motion_downloads/欧洲_ESM/2025-02/ESM_INT-20250216_0000230_ASCII.zip,192.5,13.5,0.0746130645275116,-1.1271851221863047,True,,22.162132668369146,15.9207763671875,0.0005724499933421612,0.0025337579427286983,21.43,-0.7321326683691467,0.7321326683691467,True
INT-20250218_0000061:HL.CHNB.00,INT-20250218_0000061,HL.CHNB.00,/Users/yojironoda/Documents/New project 2/outputs/strong_motion_downloads/欧洲_ESM/2025-02/ESM_INT-20250218_0000061_ASCII.zip,204.6,13.0,0.8997409343719482,-0.0458825205262018,True,,58.16876416325947,9.084330558776855,0.005697067826986313,0.021046455949544907,60.56,2.3912358367405346,2.3912358367405346,True
INT-20250219_0000075:KO.CESE,INT-20250219_0000075,KO.CESE,/Users/yojironoda/Documents/New project 2/outputs/strong_motion_downloads/欧洲_ESM/2025-02/ESM_INT-20250219_0000075_ASCII.zip,83.1,216.0,0.102727361023426,-0.9883138683901392,False,below_threshold,116.5723022387827,1.474923849105835,0.009624898433685303,0.047032502479851246,,,,
INT-20250219_0000108:HI.RTH1,INT-20250219_0000108,HI.RTH1,/Users/yojironoda/Documents/New project 2/outputs/strong_motion_downloads/欧洲_ESM/2025-02/ESM_INT-20250219_0000108_ASCII.zip,186.0,11.5,0.1142982468008995,-0.9419604311142066,False,below_threshold,19.059195274686545,2.0242326259613037,0.007490579970180988,0.036595193669199944,,,,
INT-20250219_0000108:HL.ATHP.00,INT-20250219_0000108,HL.ATHP.00,/Users/yojironoda/Documents/New project 2/outputs/strong_motion_downloads/欧洲_ESM/2025-02/ESM_INT-20250219_0000108_ASCII.zip,222.6,11.5,0.0641515851020813,-1.192792608305696,False,below_threshold,57.14947659269389,3.296302556991577,0.0038910750299692154,0.016591991297900677,,,,
INT-20250219_0000108:HL.CHNB.00,INT-20250219_0000108,HL.CHNB.00,/Users/yojironoda/Documents/New project 2/outputs/strong_motion_downloads/欧洲_ESM/2025-02/ESM_INT-20250219_0000108_ASCII.zip,200.3,11.5,0.2270955294370651,-0.6437914151414446,False,below_threshold,53.43830969943839,3.5650386810302734,0.003116938518360257,0.011728914687409997,,,,
INT-20250220_0000210:CL.MALA.01,INT-20250220_0000210,CL.MALA.01,/Users/yojironoda/Documents/New project 2/outputs/strong_motion_downloads/欧洲_ESM/2025-02/ESM_INT-20250220_0000210_ASCII.zip,195.1,12.9,0.0805806219577789,-1.0937693848529657,False,below_threshold,57.58766808335802,2.2754437923431396,0.00462717330083251,0.020185052417218685,,,,
INT-20250224_0000009:HI.RTH1,INT-20250224_0000009,HI.RTH1,/Users/yojironoda/Documents/New project 2/outputs/strong_motion_downloads/欧洲_ESM/2025-02/ESM_INT-20250224_0000009_ASCII.zip,184.7,12.8,0.0523156970739364,-1.2813679836037897,False,below_threshold,20.857166464570625,1.6714328527450562,0.006880720611661673,0.032858215272426605,,,,
INT-41743402:XE.FRASC,INT-41743402,XE.FRASC,/Users/yojironoda/Documents/New project 2/outputs/strong_motion_downloads/欧洲_ESM/2025-02/ESM_INT-41743402_ASCII.zip,103.2,27.9,0.0201413929462432,-1.6959104976380155,False,below_threshold,57.81747737475763,2.0187180042266846,0.002820982364937663,0.013939074706286192,,,,
INT-41793412:MN.BLY,INT-41793412,MN.BLY,/Users/yojironoda/Documents/New project 2/outputs/strong_motion_downloads/欧洲_ESM/2025-02/ESM_INT-41793412_ASCII.zip,101.2,11.5,0.3205336630344391,-0.4941263533452205,True,,53.97721886620481,128.48126220703125,0.0003377632237970829,0.0016580968804191798,54.675000000000004,0.6977811337951962,0.6977811337951962,True
INT-41673761:IX.LGS3.01,INT-41673761,IX.LGS3.01,/Users/yojironoda/Documents/New project 2/outputs/strong_motion_downloads/欧洲_ESM/2025-03/ESM_INT-41673761_ASCII.zip,80.6,14.3,0.1991719752550125,-0.7007717695686057,True,,19.645119959240343,25.34940528869629,0.001045778626576066,0.005023775156587362,22.05,2.4048800407596573,2.4048800407596573,True
INT-41908352:IX.CSG3.01,INT-41908352,IX.CSG3.01,/Users/yojironoda/Documents/New project 2/outputs/strong_motion_downloads/欧洲_ESM/2025-03/ESM_INT-41908352_ASCII.zip,110.2,2.4,0.0397521741688251,-1.4006391134552691,False,below_threshold,59.36902186718105,2.0758609771728516,0.0045526898466050625,0.021743441466242075,,,,
INT-41908352:IT.CDS,INT-41908352,IT.CDS,/Users/yojironoda/Documents/New project 2/outputs/strong_motion_downloads/欧洲_ESM/2025-03/ESM_INT-41908352_ASCII.zip,107.6,2.4,0.0215285010635852,-1.6669862071702688,False,below_threshold,16.93779374517514,3.879993438720703,0.001492304727435112,0.007880529738031328,,,,
INT-41908352:IV.SLCN,INT-41908352,IV.SLCN,/Users/yojironoda/Documents/New project 2/outputs/strong_motion_downloads/欧洲_ESM/2025-03/ESM_INT-41908352_ASCII.zip,133.6,2.4,0.0365851409733295,-1.4366952671627418,True,,58.27025919122731,55.15990447998047,0.0002689272223506123,0.0013262922584544867,60.115,1.8447408087726913,1.8447408087726913,True
INT-20250413_0000230:HI.ARK1,INT-20250413_0000230,HI.ARK1,/Users/yojironoda/Documents/New project 2/outputs/strong_motion_downloads/欧洲_ESM/2025-04/ESM_INT-20250413_0000230_ASCII.zip,167.5,16.0,0.0976502373814582,-1.010326696632838,True,,21.043740636528657,32.024845123291016,0.0004121650999877602,0.0020563795987982303,20.245,-0.798740636528656,0.798740636528656,True
INT-20250421_0000189:KO.ORLT,INT-20250421_0000189,KO.ORLT,/Users/yojironoda/Documents/New project 2/outputs/strong_motion_downloads/欧洲_ESM/2025-04/ESM_INT-20250421_0000189_ASCII.zip,91.5,13.4,0.5583807826042175,-0.2530695369331807,True,,21.412666147613066,92.63653564453125,0.0013679431285709143,0.006200798670761287,20.54,-0.8726661476130673,0.8726661476130673,True
INT-20250423_0000113:KO.TEKI,INT-20250423_0000113,KO.TEKI,/Users/yojironoda/Documents/New project 2/outputs/strong_motion_downloads/欧洲_ESM/2025-04/ESM_INT-20250423_0000113_ASCII.zip,71.0,27.3,1.1181610822677612,0.0485043725135233,False,below_threshold,10.677944540728113,2.949073076248169,0.09553626924753189,0.4472539774596691,,,,
INT-20250423_0000142:KO.GONE,INT-20250423_0000142,KO.GONE,/Users/yojironoda/Documents/New project 2/outputs/strong_motion_downloads/欧洲_ESM/2025-04/ESM_INT-20250423_0000142_ASCII.zip,108.5,20.7,0.125732883810997,-0.9005511233485854,True,,16.409493323946872,71.9198226928711,0.0003599234332796186,0.0018300875672139227,20.26,3.8505066760531292,3.8505066760531292,True
INT-20250423_0000181:KO.IZI,INT-20250423_0000181,KO.IZI,/Users/yojironoda/Documents/New project 2/outputs/strong_motion_downloads/欧洲_ESM/2025-04/ESM_INT-20250423_0000181_ASCII.zip,114.4,5.2,1.2387454509735107,0.0929820726430957,True,,20.086353472805875,109.7972640991211,0.001395762199535966,0.00662547186948359,20.555,0.4686465271941245,0.4686465271941245,True
INT-20250423_0000438:KO.KRBG,INT-20250423_0000438,KO.KRBG,/Users/yojironoda/Documents/New project 2/outputs/strong_motion_downloads/欧洲_ESM/2025-04/ESM_INT-20250423_0000438_ASCII.zip,97.8,7.0,0.1332824081182479,-0.8752271691259216,True,,17.341698538129723,54.04942321777344,0.0006031232769601047,0.0030125954071991146,20.080000000000002,2.738301461870279,2.738301461870279,True
INT-20250424_0000016:KO.HOSK,INT-20250424_0000016,KO.HOSK,/Users/yojironoda/Documents/New project 2/outputs/strong_motion_downloads/欧洲_ESM/2025-04/ESM_INT-20250424_0000016_ASCII.zip,69.9,12.9,0.2684441804885864,-0.5711460065232028,True,,15.8467295064925,4.1468048095703125,0.002660961588844657,0.009458150016143918,23.675,7.828270493507501,7.828270493507501,False
INT-20250425_0000108:KO.SILV,INT-20250425_0000108,KO.SILV,/Users/yojironoda/Documents/New project 2/outputs/strong_motion_downloads/欧洲_ESM/2025-04/ESM_INT-20250425_0000108_ASCII.zip,209.7,10.0,0.6175529360771179,-0.2093258091438863,True,,21.989716743320137,38.04165267944336,0.0016207945300266147,0.005870021600276232,22.995,1.0052832566798635,1.0052832566798635,True
INT-20250519_0000079:HI.KLV1,INT-20250519_0000079,HI.KLV1,/Users/yojironoda/Documents/New project 2/outputs/strong_motion_downloads/欧洲_ESM/2025-05/ESM_INT-20250519_0000079_ASCII.zip,88.7,158.0,0.1397798210382461,-0.8545555198941869,True,,27.19919516955525,4.490411281585693,0.008327772840857506,0.03312438372522592,21.005,-6.19419516955525,6.19419516955525,False
INT-20250519_0000079:HI.PIR2,INT-20250519_0000079,HI.PIR2,/Users/yojironoda/Documents/New project 2/outputs/strong_motion_downloads/欧洲_ESM/2025-05/ESM_INT-20250519_0000079_ASCII.zip,200.4,158.0,0.5657670497894287,-0.2473623494052382,False,below_threshold,98.53239288406479,1.6128954887390137,0.029191022738814354,0.13446880504488945,,,,
INT-20250520_0000201:KO.SUSR,INT-20250520_0000201,KO.SUSR,/Users/yojironoda/Documents/New project 2/outputs/strong_motion_downloads/欧洲_ESM/2025-05/ESM_INT-20250520_0000201_ASCII.zip,98.1,8.2,0.6017888784408569,-0.2205558426451194,True,,34.407019161864156,158.00631713867188,0.00033965823240578175,0.0015241505752783269,36.535000000000004,2.127980838135848,2.127980838135848,True
INT-20250529_0000225:GE.SALTA,INT-20250529_0000225,GE.SALTA,/Users/yojironoda/Documents/New project 2/outputs/strong_motion_downloads/欧洲_ESM/2025-05/ESM_INT-20250529_0000225_ASCII.zip,315.9,218.0,0.0159528162330389,-1.797162637590852,False,below_threshold,95.97178670521821,1.1029088497161865,0.001934349536895752,0.007294889855757355,,,,
INT-20250607_0000121:HL.DLFA.00,INT-20250607_0000121,HL.DLFA.00,/Users/yojironoda/Documents/New project 2/outputs/strong_motion_downloads/欧洲_ESM/2025-06/ESM_INT-20250607_0000121_ASCII.zip,245.1,7.0,0.1238760128617286,-0.9070127815200982,False,below_threshold,55.866656470906825,3.182356595993042,0.010393929667770863,0.043607790023088455,,,,
INT-20250607_0000185:HL.TRKA.00,INT-20250607_0000185,HL.TRKA.00,/Users/yojironoda/Documents/New project 2/outputs/strong_motion_downloads/欧洲_ESM/2025-06/ESM_INT-20250607_0000185_ASCII.zip,216.4,7.0,0.931085169315338,-0.0310105909070606,False,below_threshold,57.085531110897556,1.5552972555160522,0.06922135502099991,0.2992083877325058,,,,
INT-20250610_0000155:HI.LXR2,INT-20250610_0000155,HI.LXR2,/Users/yojironoda/Documents/New project 2/outputs/strong_motion_downloads/欧洲_ESM/2025-06/ESM_INT-20250610_0000155_ASCII.zip,101.8,10.0,0.1417887806892395,-0.8483581321820167,False,below_threshold,62.048329993156386,3.351890802383423,0.003981097601354122,0.017169172642752528,,,,
INT-20250621_0000154:HP.DSF,INT-20250621_0000154,HP.DSF,/Users/yojironoda/Documents/New project 2/outputs/strong_motion_downloads/欧洲_ESM/2025-06/ESM_INT-20250621_0000154_ASCII.zip,205.6,10.0,0.0182767510414123,-1.7381010039081195,True,,20.307174500710815,18.84033203125,0.0002882658736780286,0.0014674561680294573,20.41,0.10282549928918527,0.10282549928918527,True
INT-20250702_0000244:HL.HERG.00,INT-20250702_0000244,HL.HERG.00,/Users/yojironoda/Documents/New project 2/outputs/strong_motion_downloads/欧洲_ESM/2025-07/ESM_INT-20250702_0000244_ASCII.zip,160.3,11.0,0.1651256829500198,-0.7821853731575122,True,,20.779495680256733,7.565121173858643,0.0037501445040106773,0.017141379648819566,23.925,3.1455043197432673,3.1455043197432673,False
INT-20250711_0000150:HI.TRP1,INT-20250711_0000150,HI.TRP1,/Users/yojironoda/Documents/New project 2/outputs/strong_motion_downloads/欧洲_ESM/2025-07/ESM_INT-20250711_0000150_ASCII.zip,180.3,5.0,0.0177546739578247,-1.7506872985590836,False,below_threshold,16.06155259537412,2.941530466079712,0.00092695327475667,0.0049486791249364614,,,,
INT-20250810_0000202:KO.GOMA,INT-20250810_0000202,KO.GOMA,/Users/yojironoda/Documents/New project 2/outputs/strong_motion_downloads/欧洲_ESM/2025-08/ESM_INT-20250810_0000202_ASCII.zip,57.0,9.5,0.5901968479156494,-0.229003114281155,True,,7.631040672972182,7.996737480163574,0.009443093091249466,0.0680960201434791,15.41,7.778959327027819,7.778959327027819,False
INT-20250810_0000203:KO.ALT,INT-20250810_0000203,KO.ALT,/Users/yojironoda/Documents/New project 2/outputs/strong_motion_downloads/欧洲_ESM/2025-08/ESM_INT-20250810_0000203_ASCII.zip,173.8,11.3,0.1108000501990318,-0.9554600428462392,True,,19.027826687890748,8.03476333618164,0.0013858748134225607,0.006437385454773903,21.225,2.1971733121092534,2.1971733121092534,True
INT-20250810_0000218:KO.CYAG,INT-20250810_0000218,KO.CYAG,/Users/yojironoda/Documents/New project 2/outputs/strong_motion_downloads/欧洲_ESM/2025-08/ESM_INT-20250810_0000218_ASCII.zip,143.7,12.2,0.2786237001419067,-0.5549819446131468,False,below_threshold,63.0361591034101,3.297990560531616,0.023934045806527138,0.09181068614125251,,,,
INT-20250810_0000251:KO.CRLU,INT-20250810_0000251,KO.CRLU,/Users/yojironoda/Documents/New project 2/outputs/strong_motion_downloads/欧洲_ESM/2025-08/ESM_INT-20250810_0000251_ASCII.zip,218.9,9.3,0.1642465740442276,-0.7845036804543587,False,below_threshold,57.51624448257393,2.768064498901367,0.01874304562807083,0.07912293076515198,,,,
INT-20250810_0000275:KO.CANM,INT-20250810_0000275,KO.CANM,/Users/yojironoda/Documents/New project 2/outputs/strong_motion_downloads/欧洲_ESM/2025-08/ESM_INT-20250810_0000275_ASCII.zip,130.3,7.5,0.1806999891996383,-0.7430418733966642,True,,18.75261159288951,31.933712005615234,0.0007342659519053996,0.003509296220727265,20.575,1.8223884071104877,1.8223884071104877,True
INT-20250811_0000022:KO.GONE,INT-20250811_0000022,KO.GONE,/Users/yojironoda/Documents/New project 2/outputs/strong_motion_downloads/欧洲_ESM/2025-08/ESM_INT-20250811_0000022_ASCII.zip,99.3,6.5,0.2452368289232254,-0.610414308227599,True,,62.58541862935968,130.1892547607422,0.0002935600932687521,0.0014307600213214755,62.65,0.06458137064031888,0.06458137064031888,True
INT-20250811_0000044:KO.GONE,INT-20250811_0000044,KO.GONE,/Users/yojironoda/Documents/New project 2/outputs/strong_motion_downloads/欧洲_ESM/2025-08/ESM_INT-20250811_0000044_ASCII.zip,100.4,11.4,0.502859890460968,-0.2985530035641263,True,,24.84085640472136,273.6239318847656,0.00041764986235648394,0.0018487834313418716,24.67,-0.1708564047213592,0.1708564047213592,True
INT-20250811_0000044:KO.DST,INT-20250811_0000044,KO.DST,/Users/yojironoda/Documents/New project 2/outputs/strong_motion_downloads/欧洲_ESM/2025-08/ESM_INT-20250811_0000044_ASCII.zip,59.3,11.4,0.9029881358146667,-0.0443179557596631,True,,21.06430711861367,128.12379455566406,0.0020536622032523155,0.009744722628965974,20.52,-0.5443071186136699,0.5443071186136699,True
INT-20250811_0000274:KO.LAFA,INT-20250811_0000274,KO.LAFA,/Users/yojironoda/Documents/New project 2/outputs/strong_motion_downloads/欧洲_ESM/2025-08/ESM_INT-20250811_0000274_ASCII.zip,197.9,10.5,0.9737436771392822,-0.011555349337284,False,below_threshold,58.02972566912686,1.6578177213668823,0.027324387803673744,0.12033460661768913,,,,
INT-20250811_0000427:KO.BUYK,INT-20250811_0000427,KO.BUYK,/Users/yojironoda/Documents/New project 2/outputs/strong_motion_downloads/欧洲_ESM/2025-08/ESM_INT-20250811_0000427_ASCII.zip,205.9,8.7,0.0984273180365562,-1.0068843484591885,False,below_threshold,18.347286808583753,4.846094131469727,0.0025613131001591682,0.016005220223031937,,,,
INT-20250811_0000427:KO.CRLU,INT-20250811_0000427,KO.CRLU,/Users/yojironoda/Documents/New project 2/outputs/strong_motion_downloads/欧洲_ESM/2025-08/ESM_INT-20250811_0000427_ASCII.zip,219.0,8.7,0.3721524775028229,-0.4292790854663502,False,below_threshold,60.52879001554801,1.427457332611084,0.01993151381611824,0.09483452886343002,,,,
INT-20250818_0000375:HC.ATEI,INT-20250818_0000375,HC.ATEI,/Users/yojironoda/Documents/New project 2/outputs/strong_motion_downloads/欧洲_ESM/2025-08/ESM_INT-20250818_0000375_ASCII.zip,62.2,12.9,0.5760303139686584,-0.2395546609467644,True,,19.588269609194704,28.55648422241211,0.003312931628897786,0.0162610225379467,20.21,0.6217303908052969,0.6217303908052969,True
INT-20250818_0000551:HI.KAC1,INT-20250818_0000551,HI.KAC1,/Users/yojironoda/Documents/New project 2/outputs/strong_motion_downloads/欧洲_ESM/2025-08/ESM_INT-20250818_0000551_ASCII.zip,103.7,7.0,0.2398441582918167,-0.6200708548613103,True,,61.32266498614524,52.291770935058594,0.0013222250854596496,0.006084032938815653,63.71,2.3873350138547593,2.3873350138547593,True
INT-20250826_0000012:KO.GMLD,INT-20250826_0000012,KO.GMLD,/Users/yojironoda/Documents/New project 2/outputs/strong_motion_downloads/欧洲_ESM/2025-08/ESM_INT-20250826_0000012_ASCII.zip,166.7,7.0,0.1323550641536712,-0.8782594371210835,False,below_threshold,19.80781764580281,4.029409885406494,0.006433445494621992,0.03144328482449055,,,,
INT-20250827_0000047:KO.YLVH,INT-20250827_0000047,KO.YLVH,/Users/yojironoda/Documents/New project 2/outputs/strong_motion_downloads/欧洲_ESM/2025-08/ESM_INT-20250827_0000047_ASCII.zip,190.9,10.1,0.3646625578403473,-0.438108826096978,True,,59.861165843215616,43.77541732788086,0.0014111240161582828,0.006435533287003636,59.57,-0.2911658432156159,0.2911658432156159,True
INT-20250827_0000047:HI.SGR1,INT-20250827_0000047,HI.SGR1,/Users/yojironoda/Documents/New project 2/outputs/strong_motion_downloads/欧洲_ESM/2025-08/ESM_INT-20250827_0000047_ASCII.zip,205.9,10.1,0.0373272374272346,-1.4279741508319057,True,,21.35792808395498,8.990306854248047,0.0007120775408111513,0.003162754001095891,23.055,1.6970719160450187,1.6970719160450187,True
INT-20250827_0000136:KO.KUSD,INT-20250827_0000136,KO.KUSD,/Users/yojironoda/Documents/New project 2/outputs/strong_motion_downloads/欧洲_ESM/2025-08/ESM_INT-20250827_0000136_ASCII.zip,168.6,8.2,0.062102798372507,-1.2068888299304017,False,below_threshold,19.133214849671514,3.4619998931884766,0.0036156675778329372,0.017585305031388998,,,,
INT-20250905_0000123:KO.ORLT,INT-20250905_0000123,KO.ORLT,/Users/yojironoda/Documents/New project 2/outputs/strong_motion_downloads/欧洲_ESM/2025-09/ESM_INT-20250905_0000123_ASCII.zip,111.9,9.2,0.7528225779533386,-0.1233073644300187,True,,18.712926310738016,208.9423828125,0.0012189297704026103,0.006047449423931539,20.485,1.7720736892619833,1.7720736892619833,True
INT-20250907_0000340:KO.GPA,INT-20250907_0000340,KO.GPA,/Users/yojironoda/Documents/New project 2/outputs/strong_motion_downloads/欧洲_ESM/2025-09/ESM_INT-20250907_0000340_ASCII.zip,214.5,6.9,0.169637069106102,-0.7704792396433753,True,,20.76849172106646,29.369226455688477,0.0007971696904860437,0.003831151989288628,21.72,0.9515082789335381,0.9515082789335381,True
INT-20250922_0000024:HL.TRKA.00,INT-20250922_0000024,HL.TRKA.00,/Users/yojironoda/Documents/New project 2/outputs/strong_motion_downloads/欧洲_ESM/2025-09/ESM_INT-20250922_0000024_ASCII.zip,217.8,8.4,0.2172933667898178,-0.6629535309760648,True,,21.32698721336522,29.514158248901367,0.0005958820693194866,0.0027822062838822603,19.805,-1.5219872133652217,1.5219872133652217,True
INT-20250922_0000172:HI.MYT1,INT-20250922_0000172,HI.MYT1,/Users/yojironoda/Documents/New project 2/outputs/strong_motion_downloads/欧洲_ESM/2025-09/ESM_INT-20250922_0000172_ASCII.zip,138.3,12.2,0.3441454172134399,-0.4632580093215407,True,,21.139510462506433,23.455211639404297,0.0009258884820155799,0.004512134182732552,21.29,0.15048953749356642,0.15048953749356642,True
INT-20251002_0000204:HI.ALX2,INT-20251002_0000204,HI.ALX2,/Users/yojironoda/Documents/New project 2/outputs/strong_motion_downloads/欧洲_ESM/2025-10/ESM_INT-20251002_0000204_ASCII.zip,174.9,12.5,0.2754992544651031,-0.5598795720649361,False,below_threshold,55.224352478331795,3.514652967453003,0.010985157452523708,0.050003319047391415,,,,
INT-20251002_0000204:HI.XAN2,INT-20251002_0000204,HI.XAN2,/Users/yojironoda/Documents/New project 2/outputs/strong_motion_downloads/欧洲_ESM/2025-10/ESM_INT-20251002_0000204_ASCII.zip,259.9,12.5,0.0937862396240234,-1.0278608769060038,True,,20.367737125231,5.744201183319092,0.002615859964862466,0.013314745156094432,26.445,6.077262874769001,6.077262874769001,False
INT-20251002_0000261:KO.CANM,INT-20251002_0000261,KO.CANM,/Users/yojironoda/Documents/New project 2/outputs/strong_motion_downloads/欧洲_ESM/2025-10/ESM_INT-20251002_0000261_ASCII.zip,116.4,8.5,0.8705042004585266,-0.0602291289331424,True,,19.451656598974918,53.38156509399414,0.0009923127945512533,0.004662080609705299,20.650000000000002,1.1983434010250846,1.1983434010250846,True
INT-20251022_0000094:RO.GIUM,INT-20251022_0000094,RO.GIUM,/Users/yojironoda/Documents/New project 2/outputs/strong_motion_downloads/欧洲_ESM/2025-10/ESM_INT-20251022_0000094_ASCII.zip,124.1,90.1,0.9918075203895568,-0.0035726029905594,True,,23.559744825712865,6.0848469734191895,0.051055315881967545,0.21161989122629166,21.295,-2.2647448257128637,2.2647448257128637,False
INT-20251025_0000020:RO.JOSR,INT-20251025_0000020,RO.JOSR,/Users/yojironoda/Documents/New project 2/outputs/strong_motion_downloads/欧洲_ESM/2025-10/ESM_INT-20251025_0000020_ASCII.zip,147.0,127.9,0.2905780971050262,-0.5367371246041369,False,below_threshold,48.477379563259575,2.0966265201568604,0.03717790171504021,0.16774388030171394,,,,
INT-20251026_0000214:GE.MMRI,INT-20251026_0000214,GE.MMRI,/Users/yojironoda/Documents/New project 2/outputs/strong_motion_downloads/欧洲_ESM/2025-10/ESM_INT-20251026_0000214_ASCII.zip,185.1,82.5,8.149819374084473,0.9111479834997692,True,,22.777508878475835,87.4905014038086,0.006630878895521164,0.026106348726898432,20.45,-2.327508878475836,2.327508878475836,True
INT-20251027_0000264:HL.ALXA.00,INT-20251027_0000264,HL.ALXA.00,/Users/yojironoda/Documents/New project 2/outputs/strong_motion_downloads/欧洲_ESM/2025-10/ESM_INT-20251027_0000264_ASCII.zip,272.0,6.0,1.7390167713165283,0.2403037704185261,True,,23.344361403719326,45.851783752441406,0.005953297950327396,0.02750591654330492,21.09,-2.254361403719326,2.254361403719326,True
INT-20251027_0000278:KO.ESKY,INT-20251027_0000278,KO.ESKY,/Users/yojironoda/Documents/New project 2/outputs/strong_motion_downloads/欧洲_ESM/2025-10/ESM_INT-20251027_0000278_ASCII.zip,169.3,7.0,0.1635839939117431,-0.7862591926932895,False,below_threshold,19.24077528838203,1.8283871412277222,0.015349318273365498,0.07518472149968147,,,,
INT-20251027_0000283:KO.SILV,INT-20251027_0000283,KO.SILV,/Users/yojironoda/Documents/New project 2/outputs/strong_motion_downloads/欧洲_ESM/2025-10/ESM_INT-20251027_0000283_ASCII.zip,210.1,6.0,0.1083903908729553,-0.96500921757465,False,below_threshold,29.030942671364762,3.5581119060516357,0.004543539136648178,0.015612386632710695,,,,
INT-20251027_0000352:KO.GMLD,INT-20251027_0000352,KO.GMLD,/Users/yojironoda/Documents/New project 2/outputs/strong_motion_downloads/欧洲_ESM/2025-10/ESM_INT-20251027_0000352_ASCII.zip,164.7,7.0,0.2356066256761551,-0.6278125005821663,True,,58.474781366029305,7.435771465301514,0.0029535721987485886,0.014449624577537179,61.04,2.5652186339706944,2.5652186339706944,False
INT-20251027_0000365:KO.GONE,INT-20251027_0000365,KO.GONE,/Users/yojironoda/Documents/New project 2/outputs/strong_motion_downloads/欧洲_ESM/2025-10/ESM_INT-20251027_0000365_ASCII.zip,103.0,7.7,0.8869975209236145,-0.0520775939796591,True,,19.2145690880977,59.186676025390625,0.005582557525485754,0.024779464574903248,20.45,1.2354309119022986,1.2354309119022986,True
INT-20251028_0000083:KO.ALT,INT-20251028_0000083,KO.ALT,/Users/yojironoda/Documents/New project 2/outputs/strong_motion_downloads/欧洲_ESM/2025-10/ESM_INT-20251028_0000083_ASCII.zip,162.1,10.0,0.0731782987713813,-1.1356176910886784,True,,20.068026443676228,10.130526542663574,0.0009741014800965786,0.004677660472225398,22.755,2.686973556323771,2.686973556323771,True
INT-20251028_0000208:KO.YLVH,INT-20251028_0000208,KO.YLVH,/Users/yojironoda/Documents/New project 2/outputs/strong_motion_downloads/欧洲_ESM/2025-10/ESM_INT-20251028_0000208_ASCII.zip,193.1,6.2,1.097835659980774,0.0405373334608524,True,,21.199918046824628,39.247222900390625,0.003189617767930031,0.014609169447794557,21.18,-0.019918046824628277,0.019918046824628277,True
INT-20251028_0000208:KO.DIDI,INT-20251028_0000208,KO.DIDI,/Users/yojironoda/Documents/New project 2/outputs/strong_motion_downloads/欧洲_ESM/2025-10/ESM_INT-20251028_0000208_ASCII.zip,219.1,6.2,0.7104823589324951,-0.1484467010065844,False,below_threshold,57.53128415785876,1.6882802248001099,0.10738222301006317,0.5138059705495834,,,,
INT-20251028_0000230:KO.EZNE,INT-20251028_0000230,KO.EZNE,/Users/yojironoda/Documents/New project 2/outputs/strong_motion_downloads/欧洲_ESM/2025-10/ESM_INT-20251028_0000230_ASCII.zip,177.5,7.0,0.2703222036361694,-0.5681182808990091,True,,41.6063290906222,5.109302997589111,0.00576775660738349,0.023590659257024527,45.92,4.313670909377805,4.313670909377805,False
INT-20251028_0000230:KO.LAPK,INT-20251028_0000230,KO.LAPK,/Users/yojironoda/Documents/New project 2/outputs/strong_motion_downloads/欧洲_ESM/2025-10/ESM_INT-20251028_0000230_ASCII.zip,189.0,7.0,0.7134551405906677,-0.1466333285148642,True,,21.521597534248027,12.498920440673828,0.003018600633367896,0.014489742461591959,20.425,-1.0965975342480263,1.0965975342480263,True
INT-20251028_0000582:KO.FOCM,INT-20251028_0000582,KO.FOCM,/Users/yojironoda/Documents/New project 2/outputs/strong_motion_downloads/欧洲_ESM/2025-10/ESM_INT-20251028_0000582_ASCII.zip,134.5,7.9,0.0055761374533176,-2.2536665293000016,False,below_threshold,1.4553012795543587,2.0672860145568848,0.0005744679947383702,0.002675693032122217,,,,
INT-20251030_0000485:KO.LAPK,INT-20251030_0000485,KO.LAPK,/Users/yojironoda/Documents/New project 2/outputs/strong_motion_downloads/欧洲_ESM/2025-10/ESM_INT-20251030_0000485_ASCII.zip,187.3,13.6,0.2280754446983337,-0.6419214696819945,True,,21.298850706624282,7.365703105926514,0.001467142952606082,0.007108952850103378,20.495,-0.8038507066242815,0.8038507066242815,False
INT-44354952:IV.FEMA,INT-44354952,IV.FEMA,/Users/yojironoda/Documents/New project 2/outputs/strong_motion_downloads/欧洲_ESM/2025-10/ESM_INT-44354952_ASCII.zip,110.3,9.4,0.28696408867836,-0.542172448439004,True,,61.4499698885632,78.90200805664062,0.0009469720534980297,0.00412045803386718,62.29,0.8400301114367963,0.8400301114367963,True
INT-44354952:IV.MALA0,INT-44354952,IV.MALA0,/Users/yojironoda/Documents/New project 2/outputs/strong_motion_downloads/欧洲_ESM/2025-10/ESM_INT-44354952_ASCII.zip,181.0,9.4,0.0237847324460744,-1.6237017295855556,True,,20.207320672681686,50.63312530517578,0.00018747677677311003,0.0009340941323898733,20.23,0.02267932731831479,0.02267932731831479,True
INT-44366222:IX.BSC3.01,INT-44366222,IX.BSC3.01,/Users/yojironoda/Documents/New project 2/outputs/strong_motion_downloads/欧洲_ESM/2025-10/ESM_INT-44366222_ASCII.zip,103.0,7.1,23.400056838989254,1.3692169123173827,False,below_threshold,54.2074031225581,1.6944506168365479,3.162108898162842,13.712753057479858,,,,
INT-20251107_0000024:KO.BALB,INT-20251107_0000024,KO.BALB,/Users/yojironoda/Documents/New project 2/outputs/strong_motion_downloads/欧洲_ESM/2025-11/ESM_INT-20251107_0000024_ASCII.zip,62.6,15.8,0.7397539615631104,-0.1309127004080975,True,,30.76052456383465,127.89324951171875,0.0006866411422379315,0.00293005199637264,30.69,-0.070524563834649,0.070524563834649,True
INT-20251109_0000160:KO.KUSD,INT-20251109_0000160,KO.KUSD,/Users/yojironoda/Documents/New project 2/outputs/strong_motion_downloads/欧洲_ESM/2025-11/ESM_INT-20251109_0000160_ASCII.zip,164.4,7.1,0.0871286168694496,-1.0598391801554532,True,,22.42554061049258,6.167084693908691,0.0034111293498426676,0.016758330166339874,23.43,1.0044593895074208,1.0044593895074208,False
INT-20251109_0000160:KO.GOKC,INT-20251109_0000160,KO.GOKC,/Users/yojironoda/Documents/New project 2/outputs/strong_motion_downloads/欧洲_ESM/2025-11/ESM_INT-20251109_0000160_ASCII.zip,209.7,7.1,0.2407200187444687,-0.6184877914501834,False,below_threshold,59.97002684839944,1.6199817657470703,0.03813765197992325,0.182923786342144,,,,
INT-20251109_0000419:HL.PRK,INT-20251109_0000419,HL.PRK,/Users/yojironoda/Documents/New project 2/outputs/strong_motion_downloads/欧洲_ESM/2025-11/ESM_INT-20251109_0000419_ASCII.zip,162.0,11.0,0.3603378236293793,-0.4432901488367194,True,,22.062171219455234,115.69627380371094,0.00019602495012804866,0.0009418485569767654,20.830000000000002,-1.232171219455232,1.232171219455232,True
INT-20251110_0000142:KO.KRBN,INT-20251110_0000142,KO.KRBN,/Users/yojironoda/Documents/New project 2/outputs/strong_motion_downloads/欧洲_ESM/2025-11/ESM_INT-20251110_0000142_ASCII.zip,162.2,10.4,0.2580742835998535,-0.5882552695635097,False,below_threshold,20.088845592892202,1.7429547309875488,0.03408300504088402,0.1706017553806305,,,,
INT-20251110_0000331:HC.ABEA,INT-20251110_0000331,HC.ABEA,/Users/yojironoda/Documents/New project 2/outputs/strong_motion_downloads/欧洲_ESM/2025-11/ESM_INT-20251110_0000331_ASCII.zip,138.2,10.0,0.0365291945636272,-1.4373599034910272,False,below_threshold,19.528553694098754,1.580238938331604,0.003842335194349289,0.018438847037032247,,,,
INT-20251111_0000081:KO.ARMT,INT-20251111_0000081,KO.ARMT,/Users/yojironoda/Documents/New project 2/outputs/strong_motion_downloads/欧洲_ESM/2025-11/ESM_INT-20251111_0000081_ASCII.zip,160.4,5.8,0.3412594497203827,-0.4669153138571322,True,,20.750804764633823,93.32138061523438,0.00031605633557774127,0.0015557606820948422,20.21,-0.5408047646338225,0.5408047646338225,True
INT-20251111_0000081:KO.IZI,INT-20251111_0000081,KO.IZI,/Users/yojironoda/Documents/New project 2/outputs/strong_motion_downloads/欧洲_ESM/2025-11/ESM_INT-20251111_0000081_ASCII.zip,166.5,5.8,0.2148108333349228,-0.6679438200910204,True,,19.766831732202444,26.042848587036133,0.0007881671190261841,0.0037544447695836425,20.465,0.6981682677975556,0.6981682677975556,True
INT-20251113_0000492:HI.VOL3,INT-20251113_0000492,HI.VOL3,/Users/yojironoda/Documents/New project 2/outputs/strong_motion_downloads/欧洲_ESM/2025-11/ESM_INT-20251113_0000492_ASCII.zip,143.8,13.8,0.0621023923158645,-1.2068916695566398,True,,20.666775347025006,10.589839935302734,0.0018084895564243197,0.008654941339045763,20.145,-0.5217753470250059,0.5217753470250059,True
INT-20251115_0000001:KO.SILV,INT-20251115_0000001,KO.SILV,/Users/yojironoda/Documents/New project 2/outputs/strong_motion_downloads/欧洲_ESM/2025-11/ESM_INT-20251115_0000001_ASCII.zip,203.5,7.0,0.081110879778862,-1.0909208879464891,False,below_threshold,18.936726254736016,5.197992324829102,0.0012358773965388536,0.0060854945331811905,,,,
INT-20251115_0000168:KO.SUSR,INT-20251115_0000168,KO.SUSR,/Users/yojironoda/Documents/New project 2/outputs/strong_motion_downloads/欧洲_ESM/2025-11/ESM_INT-20251115_0000168_ASCII.zip,92.2,9.1,0.4589827358722687,-0.338203649661902,True,,20.211331620758042,128.25054931640625,0.0003612491418607533,0.0017186265904456377,19.95,-0.2613316207580425,0.2613316207580425,True
INT-20251125_0000317:HI.RTH1,INT-20251125_0000317,HI.RTH1,/Users/yojironoda/Documents/New project 2/outputs/strong_motion_downloads/欧洲_ESM/2025-11/ESM_INT-20251125_0000317_ASCII.zip,107.0,56.4,0.0674017742276191,-1.171328671311519,False,below_threshold,17.71906192702869,2.864663600921631,0.007086369674652815,0.03640604671090841,,,,
INT-noa2025yntns:HI.KLV1,INT-noa2025yntns,HI.KLV1,/Users/yojironoda/Documents/New project 2/outputs/strong_motion_downloads/欧洲_ESM/2025-12/ESM_INT-noa2025yntns_ASCII.zip,211.4,8.5,0.4588567614555359,-0.3383228643929108,True,,20.261802594623866,138.41236877441406,0.0006252587772905827,0.0032578810350969434,20.275000000000002,0.013197405376136118,0.013197405376136118,True
INT-20260102_0000304:RA.GPBA.00,INT-20260102_0000304,RA.GPBA.00,/Users/yojironoda/Documents/New project 2/outputs/strong_motion_downloads/欧洲_ESM/2026-01/ESM_INT-20260102_0000304_ASCII.zip,170.9,49.8,3.1694111824035645,0.5009785858816196,True,,22.668000906326295,6.377508163452148,0.02731800079345703,0.13407792076468467,22.355,-0.3130009063262946,0.3130009063262946,False
INT-44905452:MN.AQU,INT-44905452,MN.AQU,/Users/yojironoda/Documents/New project 2/outputs/strong_motion_downloads/欧洲_ESM/2026-01/ESM_INT-44905452_ASCII.zip,80.3,23.0,0.1208318322896957,-0.9178186388390056,True,,28.923496167997016,12.638161659240723,0.0009549384703859687,0.00354967633029446,30.495,1.5715038320029855,1.5715038320029855,True
INT-44905452:IT.PGG,INT-44905452,IT.PGG,/Users/yojironoda/Documents/New project 2/outputs/strong_motion_downloads/欧洲_ESM/2026-01/ESM_INT-44905452_ASCII.zip,84.5,23.0,0.4177489280700683,-0.3790846558184168,False,below_threshold,17.595709034583493,1.3423683643341064,0.04576781764626503,0.23620884865522385,,,,
INT-44905452:IV.GAG1,INT-44905452,IV.GAG1,/Users/yojironoda/Documents/New project 2/outputs/strong_motion_downloads/欧洲_ESM/2026-01/ESM_INT-44905452_ASCII.zip,33.0,23.0,2.1248679161071777,0.3273319390504978,True,,19.70406178703959,45.638431549072266,0.014223064295947552,0.07117336615920067,20.385,0.6809382129604131,0.6809382129604131,True
INT-44931612:IT.PTR,INT-44931612,IT.PTR,/Users/yojironoda/Documents/New project 2/outputs/strong_motion_downloads/欧洲_ESM/2026-01/ESM_INT-44931612_ASCII.zip,124.0,57.9,1.2466988563537598,0.0957615610821533,True,,94.80863018927509,16.74431610107422,0.02014687843620777,0.022903939243406057,92.44,-2.3686301892750947,2.3686301892750947,True
INT-44944222:IT.PRGL,INT-44944222,IT.PRGL,/Users/yojironoda/Documents/New project 2/outputs/strong_motion_downloads/欧洲_ESM/2026-01/ESM_INT-44944222_ASCII.zip,106.7,18.0,0.1179832369089126,-0.9281796929914592,True,,19.03460408338493,8.81882095336914,0.0035395740997046232,0.01752225449308753,22.265,3.2303959166150698,3.2303959166150698,True
INT-44944222:IT.VLN,INT-44944222,IT.VLN,/Users/yojironoda/Documents/New project 2/outputs/strong_motion_downloads/欧洲_ESM/2026-01/ESM_INT-44944222_ASCII.zip,127.2,18.0,0.7966416478157043,-0.0987369927500182,False,below_threshold,16.411212016137714,4.685187816619873,0.0026094382628798485,0.01378784654662013,,,,
INT-noa2026bwwtz:HI.AGR3,INT-noa2026bwwtz,HI.AGR3,/Users/yojironoda/Documents/New project 2/outputs/strong_motion_downloads/欧洲_ESM/2026-01/ESM_INT-noa2026bwwtz_ASCII.zip,174.1,10.0,0.2761730551719665,-0.5588186956377807,True,,51.064492464555826,10.493505477905273,0.001902989111840725,0.00914193456992507,53.375,2.3105075354441738,2.3105075354441738,True
INT-20260206_0000189:KO.ARPRA,INT-20260206_0000189,KO.ARPRA,/Users/yojironoda/Documents/New project 2/outputs/strong_motion_downloads/欧洲_ESM/2026-02/ESM_INT-20260206_0000189_ASCII.zip,81.1,4.5,4.083469867706299,0.61102935523806,True,,21.537458320444713,749.4885864257812,0.0013040846679359674,0.005988096818327904,20.605,-0.932458320444713,0.932458320444713,True
INT-20260221_0000175:CR.MK09,INT-20260221_0000175,CR.MK09,/Users/yojironoda/Documents/New project 2/outputs/strong_motion_downloads/欧洲_ESM/2026-02/ESM_INT-20260221_0000175_ASCII.zip,194.1,3.6,0.0585316978394985,-1.2326088780448683,False,below_threshold,55.35556366376577,1.9897112846374512,0.003572291461750865,0.013757525011897087,,,,
INT-noa2026criqs:HI.HER1,INT-noa2026criqs,HI.HER1,/Users/yojironoda/Documents/New project 2/outputs/strong_motion_downloads/欧洲_ESM/2026-02/ESM_INT-noa2026criqs_ASCII.zip,172.5,37.7,0.7350398302078247,-0.1336891268058849,True,,20.428604754180544,22.875431060791016,0.002428589388728142,0.009236076498404144,20.38,-0.048604754180544774,0.048604754180544774,True
INT-44972191:IT.SLL,INT-44972191,IT.SLL,/Users/yojironoda/Documents/New project 2/outputs/strong_motion_downloads/欧洲_ESM/2026-03/ESM_INT-44972191_ASCII.zip,210.3,3.8,0.0927121937274932,-1.0328631426591766,False,below_threshold,21.055721517480016,5.779277324676514,0.00399106927216053,0.020921030081808567,,,,
INT-45006321:OT.OT11,INT-45006321,OT.OT11,/Users/yojironoda/Documents/New project 2/outputs/strong_motion_downloads/欧洲_ESM/2026-03/ESM_INT-45006321_ASCII.zip,70.4,35.4,0.3042481243610382,-0.5167720904427191,True,,19.13320642916691,25.430997848510742,0.0019260108238086104,0.009378266404382885,19.52,0.3867935708330883,0.3867935708330883,True
INT-45013051:IT.SLC1,INT-45013051,IT.SLC1,/Users/yojironoda/Documents/New project 2/outputs/strong_motion_downloads/欧洲_ESM/2026-03/ESM_INT-45013051_ASCII.zip,126.7,409.7,0.117508016526699,-0.9299325043322474,False,below_threshold,30.47396184781016,1.6365370750427246,0.010666944086551666,0.04982225131243467,,,,
INT-45013051:IT.SCF,INT-45013051,IT.SCF,/Users/yojironoda/Documents/New project 2/outputs/strong_motion_downloads/欧洲_ESM/2026-03/ESM_INT-45013051_ASCII.zip,193.8,409.7,0.5271045565605164,-0.2781032295059012,False,below_threshold,79.53743185408881,1.2028342485427856,0.0728711187839508,0.36301083862781525,,,,
INT-45013051:IV.NOCI,INT-45013051,IV.NOCI,/Users/yojironoda/Documents/New project 2/outputs/strong_motion_downloads/欧洲_ESM/2026-03/ESM_INT-45013051_ASCII.zip,251.5,409.7,0.0795019567012786,-1.0996221823610073,False,below_threshold,39.122534630124846,3.2392337322235107,0.009400204755365849,0.044768331572413445,,,,
INT-45013051:IT.CSPC,INT-45013051,IT.CSPC,/Users/yojironoda/Documents/New project 2/outputs/strong_motion_downloads/欧洲_ESM/2026-03/ESM_INT-45013051_ASCII.zip,225.9,409.7,0.5404286980628967,-0.2672615969567558,False,below_threshold,37.977227547671255,1.721705436706543,0.0581037774682045,0.26977043598890305,,,,
INT-45089101:IV.CAVT,INT-45089101,IV.CAVT,/Users/yojironoda/Documents/New project 2/outputs/strong_motion_downloads/欧洲_ESM/2026-03/ESM_INT-45089101_ASCII.zip,153.8,12.3,0.0457784123718738,-1.3393392730439684,False,below_threshold,18.71517602074265,1.8959558010101318,0.004962761886417866,0.02339430619031191,,,,
INT-45094161:IT.CNCT,INT-45094161,IT.CNCT,/Users/yojironoda/Documents/New project 2/outputs/strong_motion_downloads/欧洲_ESM/2026-03/ESM_INT-45094161_ASCII.zip,77.5,24.4,0.0990721955895423,-1.0040482122789054,False,below_threshold,56.54171538452775,1.7963612079620361,0.009421936236321926,0.045781247317790985,,,,
INT-45094251:IV.MARIO,INT-45094251,IV.MARIO,/Users/yojironoda/Documents/New project 2/outputs/strong_motion_downloads/欧洲_ESM/2026-03/ESM_INT-45094251_ASCII.zip,76.3,25.8,0.0633471310138702,-1.198273049494978,True,,19.42399385842794,37.9724006652832,0.0004675098753068596,0.002363700041314587,20.545,1.1210061415720602,1.1210061415720602,True
INT-45417702:IT.PVF,INT-45417702,IT.PVF,/Users/yojironoda/Documents/New project 2/outputs/strong_motion_downloads/欧洲_ESM/2026-03/ESM_INT-45417702_ASCII.zip,66.2,11.2,0.2197612524032592,-0.6580488785680425,True,,62.19212461453799,42.91303253173828,0.001246958039700985,0.006154344882816076,64.38,2.187875385462007,2.187875385462007,True
INT-45417702:IT.CVDC,INT-45417702,IT.CVDC,/Users/yojironoda/Documents/New project 2/outputs/strong_motion_downloads/欧洲_ESM/2026-03/ESM_INT-45417702_ASCII.zip,125.9,11.2,0.0688049346208572,-1.1623804134831366,True,,20.068198570748883,24.747777938842773,0.0007295758696272969,0.003121308400295675,21.105,1.036801429251117,1.036801429251117,True
INT-45433762:IV.NEVI,INT-45433762,IV.NEVI,/Users/yojironoda/Documents/New project 2/outputs/strong_motion_downloads/欧洲_ESM/2026-03/ESM_INT-45433762_ASCII.zip,82.3,53.3,0.1880552917718887,-0.7257144412631423,True,,77.3419875032248,66.2622299194336,0.0008135579410009086,0.0036412401823326945,77.18,-0.16198750322479327,0.16198750322479327,True
INT-noa2026eqwxa:HL.VELA.00,INT-noa2026eqwxa,HL.VELA.00,/Users/yojironoda/Documents/New project 2/outputs/strong_motion_downloads/欧洲_ESM/2026-03/ESM_INT-noa2026eqwxa_ASCII.zip,264.4,9.7,0.1275645494461059,-0.8942700005288998,False,below_threshold,60.09631188911632,1.4639596939086914,0.01750975474715233,0.08601641282439232,,,,
INT-noa2026fhwni:KF.CKWP.00,INT-noa2026fhwni,KF.CKWP.00,/Users/yojironoda/Documents/New project 2/outputs/strong_motion_downloads/欧洲_ESM/2026-03/ESM_INT-noa2026fhwni_ASCII.zip,159.3,9.5,0.1135424971580505,-0.944841558498523,False,below_threshold,18.59716985779586,3.0484273433685303,0.0043890755623579025,0.02143655437976122,,,,
INT-noa2026fvnoc:HI.KAR2,INT-noa2026fvnoc,HI.KAR2,/Users/yojironoda/Documents/New project 2/outputs/strong_motion_downloads/欧洲_ESM/2026-03/ESM_INT-noa2026fvnoc_ASCII.zip,113.0,9.0,0.0546642504632473,-1.26229660240982,True,,54.892973414591054,15.415182113647461,0.0009163926588371396,0.004328514914959669,55.74,0.8470265854089476,0.8470265854089476,True
INT-noa2026fvnoc:HI.ARG2,INT-noa2026fvnoc,HI.ARG2,/Users/yojironoda/Documents/New project 2/outputs/strong_motion_downloads/欧洲_ESM/2026-03/ESM_INT-noa2026fvnoc_ASCII.zip,156.6,9.0,0.5159931182861328,-0.2873560904469908,True,,20.14306791484121,15.976512908935547,0.00290892762131989,0.011995735112577677,22.075,1.9319320851587882,1.9319320851587882,True
INT-45673342:IT.CSST,INT-45673342,IT.CSST,/Users/yojironoda/Documents/New project 2/outputs/strong_motion_downloads/欧洲_ESM/2026-04/ESM_INT-45673342_ASCII.zip,64.8,263.8,0.0318535342812538,-1.4968423738878118,False,below_threshold,82.27569852108151,2.0865015983581543,0.0033664549700915813,0.015688679413869977,,,,
INT-noa2026gnfrk:KF.CKWP.00,INT-noa2026gnfrk,KF.CKWP.00,/Users/yojironoda/Documents/New project 2/outputs/strong_motion_downloads/欧洲_ESM/2026-04/ESM_INT-noa2026gnfrk_ASCII.zip,161.5,5.6,0.0992532670497894,-1.0032551889644084,False,below_threshold,15.932843436138626,1.39520263671875,0.008497501723468304,0.036143502220511436,,,,
INT-noa2026gnfrk:HI.PTO1,INT-noa2026gnfrk,HI.PTO1,/Users/yojironoda/Documents/New project 2/outputs/strong_motion_downloads/欧洲_ESM/2026-04/ESM_INT-noa2026gnfrk_ASCII.zip,133.0,5.6,0.1520641297101974,-0.8179732192550486,True,,15.186307088432319,16.221052169799805,0.0006553040584549308,0.0035218023365363475,19.81,4.62369291156768,4.62369291156768,True
INT-45598901:IT.VSNL,INT-45598901,IT.VSNL,/Users/yojironoda/Documents/New project 2/outputs/strong_motion_downloads/欧洲_ESM/2026-05/ESM_INT-45598901_ASCII.zip,90.4,8.0,0.0864607393741607,-1.0631810548913665,False,below_threshold,20.127548658551934,3.7255420684814453,0.0027599199675023556,0.011280394392088056,,,,
INT-45598901:IT.SIG,INT-45598901,IT.SIG,/Users/yojironoda/Documents/New project 2/outputs/strong_motion_downloads/欧洲_ESM/2026-05/ESM_INT-45598901_ASCII.zip,47.7,8.0,0.203003779053688,-0.6924958773237959,True,,21.063034535205627,100.75296783447266,0.0006463936879299581,0.003180722997058183,20.490000000000002,-0.5730345352056254,0.5730345352056254,True
INT-45769282:IT.MRV,INT-45769282,IT.MRV,/Users/yojironoda/Documents/New project 2/outputs/strong_motion_downloads/欧洲_ESM/2026-05/ESM_INT-45769282_ASCII.zip,106.8,309.3,0.0696310326457023,-1.1571971640804186,False,below_threshold,32.53861613998434,1.7785435914993286,0.012773802503943443,0.059753116220235825,,,,
INT-45769282:IT.SGV,INT-45769282,IT.SGV,/Users/yojironoda/Documents/New project 2/outputs/strong_motion_downloads/欧洲_ESM/2026-05/ESM_INT-45769282_ASCII.zip,102.6,309.3,0.0591503754258155,-1.228042494572101,False,below_threshold,33.31217635116457,0.8954021334648132,0.006480341777205467,0.023622767161577938,,,,
INT-45769282:IT.SMA,INT-45769282,IT.SMA,/Users/yojironoda/Documents/New project 2/outputs/strong_motion_downloads/欧洲_ESM/2026-05/ESM_INT-45769282_ASCII.zip,54.0,309.3,0.0484104715287685,-1.3150606872135842,False,below_threshold,33.3317477540261,3.5956454277038574,0.004279012326151133,0.020969491451978683,,,,
INT-45769282:IV.MTSN,INT-45769282,IV.MTSN,/Users/yojironoda/Documents/New project 2/outputs/strong_motion_downloads/欧洲_ESM/2026-05/ESM_INT-45769282_ASCII.zip,95.1,309.3,0.0050302245654165,-2.298412626207643,False,below_threshold,33.93166973124418,2.633619546890259,0.0006760416436009109,0.0030426838202401996,,,,
INT-noa2026jdhup:HL.NISR,INT-noa2026jdhup,HL.NISR,/Users/yojironoda/Documents/New project 2/outputs/strong_motion_downloads/欧洲_ESM/2026-05/ESM_INT-noa2026jdhup_ASCII.zip,34.7,149.7,0.0958204492926597,-1.0185417971090005,True,,24.611509999303916,5.224175453186035,0.006055955775082111,0.02650212440639734,23.13,-1.481509999303917,1.481509999303917,False
INT-46107472:IX.SNR3.01,INT-46107472,IX.SNR3.01,/Users/yojironoda/Documents/New project 2/outputs/strong_motion_downloads/欧洲_ESM/2026-06/ESM_INT-46107472_ASCII.zip,183.5,250.2,1.1287665367126465,0.0526041258911686,False,below_threshold,32.71096044298544,2.3046069145202637,0.1917555183172226,1.389526710319519,,,,
INT-46107472:IV.BIOG,INT-46107472,IV.BIOG,/Users/yojironoda/Documents/New project 2/outputs/strong_motion_downloads/欧洲_ESM/2026-06/ESM_INT-46107472_ASCII.zip,234.5,250.2,0.6550021767616272,-0.1837572567196791,False,below_threshold,32.152401038315475,2.434762954711914,0.1153269037604332,0.5758868964672088,,,,
INT-46213572:IT.LRS,INT-46213572,IT.LRS,/Users/yojironoda/Documents/New project 2/outputs/strong_motion_downloads/欧洲_ESM/2026-06/ESM_INT-46213572_ASCII.zip,155.2,214.2,0.0372046194970607,-1.4294031327652363,False,below_threshold,29.085989207960893,2.373769521713257,0.004798821173608303,0.02582656426075846,,,,
INT-46213572:IT.SRT,INT-46213572,IT.SRT,/Users/yojironoda/Documents/New project 2/outputs/strong_motion_downloads/欧洲_ESM/2026-06/ESM_INT-46213572_ASCII.zip,171.7,214.2,0.340646892786026,-0.4676955681278933,False,below_threshold,30.753727838407997,2.1497957706451416,0.058503951877355576,0.5420272527813912,,,,
INT-noa2026lbrmf:HL.PATG.00,INT-noa2026lbrmf,HL.PATG.00,/Users/yojironoda/Documents/New project 2/outputs/strong_motion_downloads/欧洲_ESM/2026-06/ESM_INT-noa2026lbrmf_ASCII.zip,157.2,5.0,1.7773432731628418,0.2497713148299436,True,,29.213249406444145,9.189454078674316,0.009120643138885498,0.041347616352140903,32.42,3.2067505935558565,3.2067505935558565,True
INT-noa2026lpcjz:HL.KIAA.00,INT-noa2026lpcjz,HL.KIAA.00,/Users/yojironoda/Documents/New project 2/outputs/strong_motion_downloads/欧洲_ESM/2026-06/ESM_INT-noa2026lpcjz_ASCII.zip,176.3,9.1,1.6666622161865234,0.2218475899234272,True,,18.422449856454094,27.366466522216797,0.007830062881112099,0.02871547397226095,19.39,0.9675501435459068,0.9675501435459068,True
INT-noa2026lpcjz:HI.LEF2,INT-noa2026lpcjz,HI.LEF2,/Users/yojironoda/Documents/New project 2/outputs/strong_motion_downloads/欧洲_ESM/2026-06/ESM_INT-noa2026lpcjz_ASCII.zip,253.9,9.1,0.5861600041389465,-0.2319838184024451,True,,21.343837279532842,45.235015869140625,0.0015310273738577962,0.007297529955394566,20.225,-1.1188372795328405,1.1188372795328405,True
