panel,source_table,dataset,target,feature_set,variable,bin,n,x_min,x_max,x_center,metric,value,notes
A_error_reduction,ground_motion_residual_metric_deltas.csv,instancegm,pga,metadata_plus_early_waveform,,,,,,,metadata_mae,0.2991840183442956,Panel A metric or supporting metric.
A_error_reduction,ground_motion_residual_metric_deltas.csv,instancegm,pga,metadata_plus_early_waveform,,,,,,,combined_mae,0.2074981255290622,Panel A metric or supporting metric.
A_error_reduction,ground_motion_residual_metric_deltas.csv,instancegm,pga,metadata_plus_early_waveform,,,,,,,mae_reduction_pct,30.645317661895604,Panel A metric or supporting metric.
A_error_reduction,ground_motion_residual_metric_deltas.csv,instancegm,pga,metadata_plus_early_waveform,,,,,,,metadata_q95_abs,0.7693044426046937,Panel A metric or supporting metric.
A_error_reduction,ground_motion_residual_metric_deltas.csv,instancegm,pga,metadata_plus_early_waveform,,,,,,,combined_q95_abs,0.6643211222882635,Panel A metric or supporting metric.
A_error_reduction,ground_motion_residual_metric_deltas.csv,instancegm,pga,metadata_plus_early_waveform,,,,,,,q95_reduction_pct,13.646524639969588,Panel A metric or supporting metric.
A_error_reduction,ground_motion_residual_metric_deltas.csv,instancegm,pga,metadata_plus_early_waveform,,,,,,,combined_r2,0.8469953975256078,Panel A metric or supporting metric.
A_error_reduction,ground_motion_residual_metric_deltas.csv,instancegm,pga,metadata_plus_early_waveform,,,,,,,combined_median_signed,0.0063727210449906,Panel A metric or supporting metric.
A_error_reduction,ground_motion_residual_metric_deltas.csv,instancegm,pga,metadata_plus_early_waveform,,,,,,,combined_overpredict_fraction,0.5115115115115115,Panel A metric or supporting metric.
A_error_reduction,ground_motion_residual_metric_deltas.csv,instancegm,pgv,metadata_plus_early_waveform,,,,,,,metadata_mae,0.297551867124149,Panel A metric or supporting metric.
A_error_reduction,ground_motion_residual_metric_deltas.csv,instancegm,pgv,metadata_plus_early_waveform,,,,,,,combined_mae,0.1645344556005575,Panel A metric or supporting metric.
A_error_reduction,ground_motion_residual_metric_deltas.csv,instancegm,pgv,metadata_plus_early_waveform,,,,,,,mae_reduction_pct,44.70394113443489,Panel A metric or supporting metric.
A_error_reduction,ground_motion_residual_metric_deltas.csv,instancegm,pgv,metadata_plus_early_waveform,,,,,,,metadata_q95_abs,0.7902080133807945,Panel A metric or supporting metric.
A_error_reduction,ground_motion_residual_metric_deltas.csv,instancegm,pgv,metadata_plus_early_waveform,,,,,,,combined_q95_abs,0.4966391961249591,Panel A metric or supporting metric.
A_error_reduction,ground_motion_residual_metric_deltas.csv,instancegm,pgv,metadata_plus_early_waveform,,,,,,,q95_reduction_pct,37.15082766622959,Panel A metric or supporting metric.
A_error_reduction,ground_motion_residual_metric_deltas.csv,instancegm,pgv,metadata_plus_early_waveform,,,,,,,combined_r2,0.8634676809863968,Panel A metric or supporting metric.
A_error_reduction,ground_motion_residual_metric_deltas.csv,instancegm,pgv,metadata_plus_early_waveform,,,,,,,combined_median_signed,0.0142932093965399,Panel A metric or supporting metric.
A_error_reduction,ground_motion_residual_metric_deltas.csv,instancegm,pgv,metadata_plus_early_waveform,,,,,,,combined_overpredict_fraction,0.561,Panel A metric or supporting metric.
A_error_reduction,ground_motion_residual_metric_deltas.csv,instancegm,sa03,metadata_plus_early_waveform,,,,,,,metadata_mae,0.2728195796585652,Panel A metric or supporting metric.
A_error_reduction,ground_motion_residual_metric_deltas.csv,instancegm,sa03,metadata_plus_early_waveform,,,,,,,combined_mae,0.22109311130668,Panel A metric or supporting metric.
A_error_reduction,ground_motion_residual_metric_deltas.csv,instancegm,sa03,metadata_plus_early_waveform,,,,,,,mae_reduction_pct,18.95995456653847,Panel A metric or supporting metric.
A_error_reduction,ground_motion_residual_metric_deltas.csv,instancegm,sa03,metadata_plus_early_waveform,,,,,,,metadata_q95_abs,0.707638348897808,Panel A metric or supporting metric.
A_error_reduction,ground_motion_residual_metric_deltas.csv,instancegm,sa03,metadata_plus_early_waveform,,,,,,,combined_q95_abs,0.6187309371504852,Panel A metric or supporting metric.
A_error_reduction,ground_motion_residual_metric_deltas.csv,instancegm,sa03,metadata_plus_early_waveform,,,,,,,q95_reduction_pct,12.56396178723238,Panel A metric or supporting metric.
A_error_reduction,ground_motion_residual_metric_deltas.csv,instancegm,sa03,metadata_plus_early_waveform,,,,,,,combined_r2,0.833843499408655,Panel A metric or supporting metric.
A_error_reduction,ground_motion_residual_metric_deltas.csv,instancegm,sa03,metadata_plus_early_waveform,,,,,,,combined_median_signed,-0.007810746526299,Panel A metric or supporting metric.
A_error_reduction,ground_motion_residual_metric_deltas.csv,instancegm,sa03,metadata_plus_early_waveform,,,,,,,combined_overpredict_fraction,0.4903553299492386,Panel A metric or supporting metric.
A_error_reduction,ground_motion_residual_metric_deltas.csv,instancegm,sa10,metadata_plus_early_waveform,,,,,,,metadata_mae,0.2864402042559942,Panel A metric or supporting metric.
A_error_reduction,ground_motion_residual_metric_deltas.csv,instancegm,sa10,metadata_plus_early_waveform,,,,,,,combined_mae,0.2096107106215742,Panel A metric or supporting metric.
A_error_reduction,ground_motion_residual_metric_deltas.csv,instancegm,sa10,metadata_plus_early_waveform,,,,,,,mae_reduction_pct,26.822175271791387,Panel A metric or supporting metric.
A_error_reduction,ground_motion_residual_metric_deltas.csv,instancegm,sa10,metadata_plus_early_waveform,,,,,,,metadata_q95_abs,0.7159943787490279,Panel A metric or supporting metric.
A_error_reduction,ground_motion_residual_metric_deltas.csv,instancegm,sa10,metadata_plus_early_waveform,,,,,,,combined_q95_abs,0.5518198895392459,Panel A metric or supporting metric.
A_error_reduction,ground_motion_residual_metric_deltas.csv,instancegm,sa10,metadata_plus_early_waveform,,,,,,,q95_reduction_pct,22.929577952361115,Panel A metric or supporting metric.
A_error_reduction,ground_motion_residual_metric_deltas.csv,instancegm,sa10,metadata_plus_early_waveform,,,,,,,combined_r2,0.8266862910190402,Panel A metric or supporting metric.
A_error_reduction,ground_motion_residual_metric_deltas.csv,instancegm,sa10,metadata_plus_early_waveform,,,,,,,combined_median_signed,0.0096348969964601,Panel A metric or supporting metric.
A_error_reduction,ground_motion_residual_metric_deltas.csv,instancegm,sa10,metadata_plus_early_waveform,,,,,,,combined_overpredict_fraction,0.518,Panel A metric or supporting metric.
A_error_reduction,ground_motion_residual_metric_deltas.csv,instancegm,sa30,metadata_plus_early_waveform,,,,,,,metadata_mae,0.3059099530115025,Panel A metric or supporting metric.
A_error_reduction,ground_motion_residual_metric_deltas.csv,instancegm,sa30,metadata_plus_early_waveform,,,,,,,combined_mae,0.2420968488919919,Panel A metric or supporting metric.
A_error_reduction,ground_motion_residual_metric_deltas.csv,instancegm,sa30,metadata_plus_early_waveform,,,,,,,mae_reduction_pct,20.86009411962845,Panel A metric or supporting metric.
A_error_reduction,ground_motion_residual_metric_deltas.csv,instancegm,sa30,metadata_plus_early_waveform,,,,,,,metadata_q95_abs,0.7810479212290659,Panel A metric or supporting metric.
A_error_reduction,ground_motion_residual_metric_deltas.csv,instancegm,sa30,metadata_plus_early_waveform,,,,,,,combined_q95_abs,0.5933902680981329,Panel A metric or supporting metric.
A_error_reduction,ground_motion_residual_metric_deltas.csv,instancegm,sa30,metadata_plus_early_waveform,,,,,,,q95_reduction_pct,24.026394287770813,Panel A metric or supporting metric.
A_error_reduction,ground_motion_residual_metric_deltas.csv,instancegm,sa30,metadata_plus_early_waveform,,,,,,,combined_r2,0.6797051739315629,Panel A metric or supporting metric.
A_error_reduction,ground_motion_residual_metric_deltas.csv,instancegm,sa30,metadata_plus_early_waveform,,,,,,,combined_median_signed,0.0194503929114189,Panel A metric or supporting metric.
A_error_reduction,ground_motion_residual_metric_deltas.csv,instancegm,sa30,metadata_plus_early_waveform,,,,,,,combined_overpredict_fraction,0.5365079365079365,Panel A metric or supporting metric.
A_error_reduction,ground_motion_residual_metric_deltas.csv,knet,pga,metadata_plus_early_waveform,,,,,,,metadata_mae,0.2170327607630392,Panel A metric or supporting metric.
A_error_reduction,ground_motion_residual_metric_deltas.csv,knet,pga,metadata_plus_early_waveform,,,,,,,combined_mae,0.1047064444022345,Panel A metric or supporting metric.
A_error_reduction,ground_motion_residual_metric_deltas.csv,knet,pga,metadata_plus_early_waveform,,,,,,,mae_reduction_pct,51.75546584114315,Panel A metric or supporting metric.
A_error_reduction,ground_motion_residual_metric_deltas.csv,knet,pga,metadata_plus_early_waveform,,,,,,,metadata_q95_abs,0.5335214974137101,Panel A metric or supporting metric.
A_error_reduction,ground_motion_residual_metric_deltas.csv,knet,pga,metadata_plus_early_waveform,,,,,,,combined_q95_abs,0.3042058487138672,Panel A metric or supporting metric.
A_error_reduction,ground_motion_residual_metric_deltas.csv,knet,pga,metadata_plus_early_waveform,,,,,,,q95_reduction_pct,42.98151992215302,Panel A metric or supporting metric.
A_error_reduction,ground_motion_residual_metric_deltas.csv,knet,pga,metadata_plus_early_waveform,,,,,,,combined_r2,0.8765968157981207,Panel A metric or supporting metric.
A_error_reduction,ground_motion_residual_metric_deltas.csv,knet,pga,metadata_plus_early_waveform,,,,,,,combined_median_signed,0.0163059397134899,Panel A metric or supporting metric.
A_error_reduction,ground_motion_residual_metric_deltas.csv,knet,pga,metadata_plus_early_waveform,,,,,,,combined_overpredict_fraction,0.57,Panel A metric or supporting metric.
B_knet_distance,ground_motion_residual_bins.csv,knet,pga,metadata_plus_early_waveform,source_distance_km,"(0.896, 26.063]",200,0.897,26.021,13.459,median_signed_residual,0.0115201871083496,Panel B-D binned residual diagnostic value.
B_knet_distance,ground_motion_residual_bins.csv,knet,pga,metadata_plus_early_waveform,source_distance_km,"(0.896, 26.063]",200,0.897,26.021,13.459,mean_signed_residual,0.0052233599441598,Panel B-D binned residual diagnostic value.
B_knet_distance,ground_motion_residual_bins.csv,knet,pga,metadata_plus_early_waveform,source_distance_km,"(0.896, 26.063]",200,0.897,26.021,13.459,mae_residual,0.0901927462235887,Panel B-D binned residual diagnostic value.
B_knet_distance,ground_motion_residual_bins.csv,knet,pga,metadata_plus_early_waveform,source_distance_km,"(0.896, 26.063]",200,0.897,26.021,13.459,q90_abs_residual,0.1901168784534929,Panel B-D binned residual diagnostic value.
B_knet_distance,ground_motion_residual_bins.csv,knet,pga,metadata_plus_early_waveform,source_distance_km,"(0.896, 26.063]",200,0.897,26.021,13.459,overpredict_fraction,0.555,Panel B-D binned residual diagnostic value.
B_knet_distance,ground_motion_residual_bins.csv,knet,pga,metadata_plus_early_waveform,source_distance_km,"(26.063, 42.598]",200,26.074,42.513,34.2935,median_signed_residual,0.017932864820792,Panel B-D binned residual diagnostic value.
B_knet_distance,ground_motion_residual_bins.csv,knet,pga,metadata_plus_early_waveform,source_distance_km,"(26.063, 42.598]",200,26.074,42.513,34.2935,mean_signed_residual,0.026995637640594,Panel B-D binned residual diagnostic value.
B_knet_distance,ground_motion_residual_bins.csv,knet,pga,metadata_plus_early_waveform,source_distance_km,"(26.063, 42.598]",200,26.074,42.513,34.2935,mae_residual,0.0779963322826136,Panel B-D binned residual diagnostic value.
B_knet_distance,ground_motion_residual_bins.csv,knet,pga,metadata_plus_early_waveform,source_distance_km,"(26.063, 42.598]",200,26.074,42.513,34.2935,q90_abs_residual,0.1750180129194269,Panel B-D binned residual diagnostic value.
B_knet_distance,ground_motion_residual_bins.csv,knet,pga,metadata_plus_early_waveform,source_distance_km,"(26.063, 42.598]",200,26.074,42.513,34.2935,overpredict_fraction,0.615,Panel B-D binned residual diagnostic value.
B_knet_distance,ground_motion_residual_bins.csv,knet,pga,metadata_plus_early_waveform,source_distance_km,"(42.598, 59.72]",200,42.655,59.648,51.1515,median_signed_residual,0.0067700611237321,Panel B-D binned residual diagnostic value.
B_knet_distance,ground_motion_residual_bins.csv,knet,pga,metadata_plus_early_waveform,source_distance_km,"(42.598, 59.72]",200,42.655,59.648,51.1515,mean_signed_residual,0.0006075419613514,Panel B-D binned residual diagnostic value.
B_knet_distance,ground_motion_residual_bins.csv,knet,pga,metadata_plus_early_waveform,source_distance_km,"(42.598, 59.72]",200,42.655,59.648,51.1515,mae_residual,0.092744305438731,Panel B-D binned residual diagnostic value.
B_knet_distance,ground_motion_residual_bins.csv,knet,pga,metadata_plus_early_waveform,source_distance_km,"(42.598, 59.72]",200,42.655,59.648,51.1515,q90_abs_residual,0.1922829488591655,Panel B-D binned residual diagnostic value.
B_knet_distance,ground_motion_residual_bins.csv,knet,pga,metadata_plus_early_waveform,source_distance_km,"(42.598, 59.72]",200,42.655,59.648,51.1515,overpredict_fraction,0.535,Panel B-D binned residual diagnostic value.
B_knet_distance,ground_motion_residual_bins.csv,knet,pga,metadata_plus_early_waveform,source_distance_km,"(59.72, 81.704]",200,59.829,81.656,70.7425,median_signed_residual,0.0203209563340209,Panel B-D binned residual diagnostic value.
B_knet_distance,ground_motion_residual_bins.csv,knet,pga,metadata_plus_early_waveform,source_distance_km,"(59.72, 81.704]",200,59.829,81.656,70.7425,mean_signed_residual,0.0060900281424927,Panel B-D binned residual diagnostic value.
B_knet_distance,ground_motion_residual_bins.csv,knet,pga,metadata_plus_early_waveform,source_distance_km,"(59.72, 81.704]",200,59.829,81.656,70.7425,mae_residual,0.1027722181057664,Panel B-D binned residual diagnostic value.
B_knet_distance,ground_motion_residual_bins.csv,knet,pga,metadata_plus_early_waveform,source_distance_km,"(59.72, 81.704]",200,59.829,81.656,70.7425,q90_abs_residual,0.2230700257233789,Panel B-D binned residual diagnostic value.
B_knet_distance,ground_motion_residual_bins.csv,knet,pga,metadata_plus_early_waveform,source_distance_km,"(59.72, 81.704]",200,59.829,81.656,70.7425,overpredict_fraction,0.575,Panel B-D binned residual diagnostic value.
B_knet_distance,ground_motion_residual_bins.csv,knet,pga,metadata_plus_early_waveform,source_distance_km,"(81.704, 245.262]",200,81.897,245.262,163.5795,median_signed_residual,0.0303821297068415,Panel B-D binned residual diagnostic value.
B_knet_distance,ground_motion_residual_bins.csv,knet,pga,metadata_plus_early_waveform,source_distance_km,"(81.704, 245.262]",200,81.897,245.262,163.5795,mean_signed_residual,0.0260580831529846,Panel B-D binned residual diagnostic value.
B_knet_distance,ground_motion_residual_bins.csv,knet,pga,metadata_plus_early_waveform,source_distance_km,"(81.704, 245.262]",200,81.897,245.262,163.5795,mae_residual,0.1598266199604729,Panel B-D binned residual diagnostic value.
B_knet_distance,ground_motion_residual_bins.csv,knet,pga,metadata_plus_early_waveform,source_distance_km,"(81.704, 245.262]",200,81.897,245.262,163.5795,q90_abs_residual,0.3402316318458238,Panel B-D binned residual diagnostic value.
B_knet_distance,ground_motion_residual_bins.csv,knet,pga,metadata_plus_early_waveform,source_distance_km,"(81.704, 245.262]",200,81.897,245.262,163.5795,overpredict_fraction,0.57,Panel B-D binned residual diagnostic value.
C_instancegm_depth,ground_motion_residual_bins.csv,instancegm,pga,metadata_plus_early_waveform,source_depth_km,"(1.999, 8.3]",206,2.0,8.3,5.15,median_signed_residual,0.0054516068212335,Panel B-D binned residual diagnostic value.
C_instancegm_depth,ground_motion_residual_bins.csv,instancegm,pga,metadata_plus_early_waveform,source_depth_km,"(1.999, 8.3]",206,2.0,8.3,5.15,mean_signed_residual,-0.0167141942736748,Panel B-D binned residual diagnostic value.
C_instancegm_depth,ground_motion_residual_bins.csv,instancegm,pga,metadata_plus_early_waveform,source_depth_km,"(1.999, 8.3]",206,2.0,8.3,5.15,mae_residual,0.2016448572943973,Panel B-D binned residual diagnostic value.
C_instancegm_depth,ground_motion_residual_bins.csv,instancegm,pga,metadata_plus_early_waveform,source_depth_km,"(1.999, 8.3]",206,2.0,8.3,5.15,q90_abs_residual,0.4437331652979095,Panel B-D binned residual diagnostic value.
C_instancegm_depth,ground_motion_residual_bins.csv,instancegm,pga,metadata_plus_early_waveform,source_depth_km,"(1.999, 8.3]",206,2.0,8.3,5.15,overpredict_fraction,0.5194174757281553,Panel B-D binned residual diagnostic value.
C_instancegm_depth,ground_motion_residual_bins.csv,instancegm,pga,metadata_plus_early_waveform,source_depth_km,"(8.3, 9.5]",203,8.4,9.5,8.95,median_signed_residual,0.0347504087765973,Panel B-D binned residual diagnostic value.
C_instancegm_depth,ground_motion_residual_bins.csv,instancegm,pga,metadata_plus_early_waveform,source_depth_km,"(8.3, 9.5]",203,8.4,9.5,8.95,mean_signed_residual,0.0506969910311682,Panel B-D binned residual diagnostic value.
C_instancegm_depth,ground_motion_residual_bins.csv,instancegm,pga,metadata_plus_early_waveform,source_depth_km,"(8.3, 9.5]",203,8.4,9.5,8.95,mae_residual,0.1807823132097596,Panel B-D binned residual diagnostic value.
C_instancegm_depth,ground_motion_residual_bins.csv,instancegm,pga,metadata_plus_early_waveform,source_depth_km,"(8.3, 9.5]",203,8.4,9.5,8.95,q90_abs_residual,0.4323334352825849,Panel B-D binned residual diagnostic value.
C_instancegm_depth,ground_motion_residual_bins.csv,instancegm,pga,metadata_plus_early_waveform,source_depth_km,"(8.3, 9.5]",203,8.4,9.5,8.95,overpredict_fraction,0.5714285714285714,Panel B-D binned residual diagnostic value.
C_instancegm_depth,ground_motion_residual_bins.csv,instancegm,pga,metadata_plus_early_waveform,source_depth_km,"(9.5, 10.5]",204,9.6,10.5,10.05,median_signed_residual,0.0041589623602542,Panel B-D binned residual diagnostic value.
C_instancegm_depth,ground_motion_residual_bins.csv,instancegm,pga,metadata_plus_early_waveform,source_depth_km,"(9.5, 10.5]",204,9.6,10.5,10.05,mean_signed_residual,-0.0094193211596303,Panel B-D binned residual diagnostic value.
C_instancegm_depth,ground_motion_residual_bins.csv,instancegm,pga,metadata_plus_early_waveform,source_depth_km,"(9.5, 10.5]",204,9.6,10.5,10.05,mae_residual,0.1898014804323803,Panel B-D binned residual diagnostic value.
C_instancegm_depth,ground_motion_residual_bins.csv,instancegm,pga,metadata_plus_early_waveform,source_depth_km,"(9.5, 10.5]",204,9.6,10.5,10.05,q90_abs_residual,0.4176348616883542,Panel B-D binned residual diagnostic value.
C_instancegm_depth,ground_motion_residual_bins.csv,instancegm,pga,metadata_plus_early_waveform,source_depth_km,"(9.5, 10.5]",204,9.6,10.5,10.05,overpredict_fraction,0.5098039215686274,Panel B-D binned residual diagnostic value.
C_instancegm_depth,ground_motion_residual_bins.csv,instancegm,pga,metadata_plus_early_waveform,source_depth_km,"(10.5, 15.24]",186,10.6,15.2,12.899999999999999,median_signed_residual,-0.0233072188178125,Panel B-D binned residual diagnostic value.
C_instancegm_depth,ground_motion_residual_bins.csv,instancegm,pga,metadata_plus_early_waveform,source_depth_km,"(10.5, 15.24]",186,10.6,15.2,12.899999999999999,mean_signed_residual,-0.0514759695134769,Panel B-D binned residual diagnostic value.
C_instancegm_depth,ground_motion_residual_bins.csv,instancegm,pga,metadata_plus_early_waveform,source_depth_km,"(10.5, 15.24]",186,10.6,15.2,12.899999999999999,mae_residual,0.1996950017573976,Panel B-D binned residual diagnostic value.
C_instancegm_depth,ground_motion_residual_bins.csv,instancegm,pga,metadata_plus_early_waveform,source_depth_km,"(10.5, 15.24]",186,10.6,15.2,12.899999999999999,q90_abs_residual,0.3932739726592862,Panel B-D binned residual diagnostic value.
C_instancegm_depth,ground_motion_residual_bins.csv,instancegm,pga,metadata_plus_early_waveform,source_depth_km,"(10.5, 15.24]",186,10.6,15.2,12.899999999999999,overpredict_fraction,0.4354838709677419,Panel B-D binned residual diagnostic value.
C_instancegm_depth,ground_motion_residual_bins.csv,instancegm,pga,metadata_plus_early_waveform,source_depth_km,"(15.24, 312.8]",200,15.3,312.8,164.05,median_signed_residual,0.011639718958315,Panel B-D binned residual diagnostic value.
C_instancegm_depth,ground_motion_residual_bins.csv,instancegm,pga,metadata_plus_early_waveform,source_depth_km,"(15.24, 312.8]",200,15.3,312.8,164.05,mean_signed_residual,0.0192030507346965,Panel B-D binned residual diagnostic value.
C_instancegm_depth,ground_motion_residual_bins.csv,instancegm,pga,metadata_plus_early_waveform,source_depth_km,"(15.24, 312.8]",200,15.3,312.8,164.05,mae_residual,0.2659510244211228,Panel B-D binned residual diagnostic value.
C_instancegm_depth,ground_motion_residual_bins.csv,instancegm,pga,metadata_plus_early_waveform,source_depth_km,"(15.24, 312.8]",200,15.3,312.8,164.05,q90_abs_residual,0.5452244072304909,Panel B-D binned residual diagnostic value.
C_instancegm_depth,ground_motion_residual_bins.csv,instancegm,pga,metadata_plus_early_waveform,source_depth_km,"(15.24, 312.8]",200,15.3,312.8,164.05,overpredict_fraction,0.515,Panel B-D binned residual diagnostic value.
C_instancegm_depth,ground_motion_residual_bins.csv,instancegm,pgv,metadata_plus_early_waveform,source_depth_km,"(1.999, 8.3]",207,2.0,8.3,5.15,median_signed_residual,0.0133997456971863,Panel B-D binned residual diagnostic value.
C_instancegm_depth,ground_motion_residual_bins.csv,instancegm,pgv,metadata_plus_early_waveform,source_depth_km,"(1.999, 8.3]",207,2.0,8.3,5.15,mean_signed_residual,-0.0447589781821847,Panel B-D binned residual diagnostic value.
C_instancegm_depth,ground_motion_residual_bins.csv,instancegm,pgv,metadata_plus_early_waveform,source_depth_km,"(1.999, 8.3]",207,2.0,8.3,5.15,mae_residual,0.1865914558877524,Panel B-D binned residual diagnostic value.
C_instancegm_depth,ground_motion_residual_bins.csv,instancegm,pgv,metadata_plus_early_waveform,source_depth_km,"(1.999, 8.3]",207,2.0,8.3,5.15,q90_abs_residual,0.3665115586833342,Panel B-D binned residual diagnostic value.
C_instancegm_depth,ground_motion_residual_bins.csv,instancegm,pgv,metadata_plus_early_waveform,source_depth_km,"(1.999, 8.3]",207,2.0,8.3,5.15,overpredict_fraction,0.5217391304347826,Panel B-D binned residual diagnostic value.
C_instancegm_depth,ground_motion_residual_bins.csv,instancegm,pgv,metadata_plus_early_waveform,source_depth_km,"(8.3, 9.5]",203,8.4,9.5,8.95,median_signed_residual,0.0245196948382284,Panel B-D binned residual diagnostic value.
C_instancegm_depth,ground_motion_residual_bins.csv,instancegm,pgv,metadata_plus_early_waveform,source_depth_km,"(8.3, 9.5]",203,8.4,9.5,8.95,mean_signed_residual,0.0304500997891626,Panel B-D binned residual diagnostic value.
C_instancegm_depth,ground_motion_residual_bins.csv,instancegm,pgv,metadata_plus_early_waveform,source_depth_km,"(8.3, 9.5]",203,8.4,9.5,8.95,mae_residual,0.1592026872022632,Panel B-D binned residual diagnostic value.
C_instancegm_depth,ground_motion_residual_bins.csv,instancegm,pgv,metadata_plus_early_waveform,source_depth_km,"(8.3, 9.5]",203,8.4,9.5,8.95,q90_abs_residual,0.4182569516967032,Panel B-D binned residual diagnostic value.
C_instancegm_depth,ground_motion_residual_bins.csv,instancegm,pgv,metadata_plus_early_waveform,source_depth_km,"(8.3, 9.5]",203,8.4,9.5,8.95,overpredict_fraction,0.6354679802955665,Panel B-D binned residual diagnostic value.
C_instancegm_depth,ground_motion_residual_bins.csv,instancegm,pgv,metadata_plus_early_waveform,source_depth_km,"(9.5, 10.5]",204,9.6,10.5,10.05,median_signed_residual,0.0072578304823855,Panel B-D binned residual diagnostic value.
C_instancegm_depth,ground_motion_residual_bins.csv,instancegm,pgv,metadata_plus_early_waveform,source_depth_km,"(9.5, 10.5]",204,9.6,10.5,10.05,mean_signed_residual,-0.0199730656177522,Panel B-D binned residual diagnostic value.
C_instancegm_depth,ground_motion_residual_bins.csv,instancegm,pgv,metadata_plus_early_waveform,source_depth_km,"(9.5, 10.5]",204,9.6,10.5,10.05,mae_residual,0.140480926301195,Panel B-D binned residual diagnostic value.
C_instancegm_depth,ground_motion_residual_bins.csv,instancegm,pgv,metadata_plus_early_waveform,source_depth_km,"(9.5, 10.5]",204,9.6,10.5,10.05,q90_abs_residual,0.3017153446464783,Panel B-D binned residual diagnostic value.
C_instancegm_depth,ground_motion_residual_bins.csv,instancegm,pgv,metadata_plus_early_waveform,source_depth_km,"(9.5, 10.5]",204,9.6,10.5,10.05,overpredict_fraction,0.5588235294117647,Panel B-D binned residual diagnostic value.
C_instancegm_depth,ground_motion_residual_bins.csv,instancegm,pgv,metadata_plus_early_waveform,source_depth_km,"(10.5, 15.22]",186,10.6,15.2,12.899999999999999,median_signed_residual,0.0148890287671668,Panel B-D binned residual diagnostic value.
C_instancegm_depth,ground_motion_residual_bins.csv,instancegm,pgv,metadata_plus_early_waveform,source_depth_km,"(10.5, 15.22]",186,10.6,15.2,12.899999999999999,mean_signed_residual,0.0241675324844907,Panel B-D binned residual diagnostic value.
C_instancegm_depth,ground_motion_residual_bins.csv,instancegm,pgv,metadata_plus_early_waveform,source_depth_km,"(10.5, 15.22]",186,10.6,15.2,12.899999999999999,mae_residual,0.1777554019641636,Panel B-D binned residual diagnostic value.
C_instancegm_depth,ground_motion_residual_bins.csv,instancegm,pgv,metadata_plus_early_waveform,source_depth_km,"(10.5, 15.22]",186,10.6,15.2,12.899999999999999,q90_abs_residual,0.372613759773527,Panel B-D binned residual diagnostic value.
C_instancegm_depth,ground_motion_residual_bins.csv,instancegm,pgv,metadata_plus_early_waveform,source_depth_km,"(10.5, 15.22]",186,10.6,15.2,12.899999999999999,overpredict_fraction,0.5645161290322581,Panel B-D binned residual diagnostic value.
C_instancegm_depth,ground_motion_residual_bins.csv,instancegm,pgv,metadata_plus_early_waveform,source_depth_km,"(15.22, 312.8]",200,15.3,312.8,164.05,median_signed_residual,0.0121967438281609,Panel B-D binned residual diagnostic value.
C_instancegm_depth,ground_motion_residual_bins.csv,instancegm,pgv,metadata_plus_early_waveform,source_depth_km,"(15.22, 312.8]",200,15.3,312.8,164.05,mean_signed_residual,-0.0109585860152126,Panel B-D binned residual diagnostic value.
C_instancegm_depth,ground_motion_residual_bins.csv,instancegm,pgv,metadata_plus_early_waveform,source_depth_km,"(15.22, 312.8]",200,15.3,312.8,164.05,mae_residual,0.1593563249947756,Panel B-D binned residual diagnostic value.
C_instancegm_depth,ground_motion_residual_bins.csv,instancegm,pgv,metadata_plus_early_waveform,source_depth_km,"(15.22, 312.8]",200,15.3,312.8,164.05,q90_abs_residual,0.3845319336672086,Panel B-D binned residual diagnostic value.
C_instancegm_depth,ground_motion_residual_bins.csv,instancegm,pgv,metadata_plus_early_waveform,source_depth_km,"(15.22, 312.8]",200,15.3,312.8,164.05,overpredict_fraction,0.525,Panel B-D binned residual diagnostic value.
C_instancegm_depth,ground_motion_residual_bins.csv,instancegm,sa03,metadata_plus_early_waveform,source_depth_km,"(1.999, 8.3]",206,2.0,8.3,5.15,median_signed_residual,-0.0560097535074326,Panel B-D binned residual diagnostic value.
C_instancegm_depth,ground_motion_residual_bins.csv,instancegm,sa03,metadata_plus_early_waveform,source_depth_km,"(1.999, 8.3]",206,2.0,8.3,5.15,mean_signed_residual,-0.0728790544423973,Panel B-D binned residual diagnostic value.
C_instancegm_depth,ground_motion_residual_bins.csv,instancegm,sa03,metadata_plus_early_waveform,source_depth_km,"(1.999, 8.3]",206,2.0,8.3,5.15,mae_residual,0.2355569590203244,Panel B-D binned residual diagnostic value.
C_instancegm_depth,ground_motion_residual_bins.csv,instancegm,sa03,metadata_plus_early_waveform,source_depth_km,"(1.999, 8.3]",206,2.0,8.3,5.15,q90_abs_residual,0.4702840185742877,Panel B-D binned residual diagnostic value.
C_instancegm_depth,ground_motion_residual_bins.csv,instancegm,sa03,metadata_plus_early_waveform,source_depth_km,"(1.999, 8.3]",206,2.0,8.3,5.15,overpredict_fraction,0.4029126213592233,Panel B-D binned residual diagnostic value.
C_instancegm_depth,ground_motion_residual_bins.csv,instancegm,sa03,metadata_plus_early_waveform,source_depth_km,"(8.3, 9.5]",200,8.4,9.5,8.95,median_signed_residual,0.0405197798526275,Panel B-D binned residual diagnostic value.
C_instancegm_depth,ground_motion_residual_bins.csv,instancegm,sa03,metadata_plus_early_waveform,source_depth_km,"(8.3, 9.5]",200,8.4,9.5,8.95,mean_signed_residual,0.0564563497192773,Panel B-D binned residual diagnostic value.
C_instancegm_depth,ground_motion_residual_bins.csv,instancegm,sa03,metadata_plus_early_waveform,source_depth_km,"(8.3, 9.5]",200,8.4,9.5,8.95,mae_residual,0.2179544675185034,Panel B-D binned residual diagnostic value.
C_instancegm_depth,ground_motion_residual_bins.csv,instancegm,sa03,metadata_plus_early_waveform,source_depth_km,"(8.3, 9.5]",200,8.4,9.5,8.95,q90_abs_residual,0.4626499647538771,Panel B-D binned residual diagnostic value.
C_instancegm_depth,ground_motion_residual_bins.csv,instancegm,sa03,metadata_plus_early_waveform,source_depth_km,"(8.3, 9.5]",200,8.4,9.5,8.95,overpredict_fraction,0.565,Panel B-D binned residual diagnostic value.
C_instancegm_depth,ground_motion_residual_bins.csv,instancegm,sa03,metadata_plus_early_waveform,source_depth_km,"(9.5, 10.5]",198,9.6,10.5,10.05,median_signed_residual,-0.000778854551084,Panel B-D binned residual diagnostic value.
C_instancegm_depth,ground_motion_residual_bins.csv,instancegm,sa03,metadata_plus_early_waveform,source_depth_km,"(9.5, 10.5]",198,9.6,10.5,10.05,mean_signed_residual,0.0135257627604291,Panel B-D binned residual diagnostic value.
C_instancegm_depth,ground_motion_residual_bins.csv,instancegm,sa03,metadata_plus_early_waveform,source_depth_km,"(9.5, 10.5]",198,9.6,10.5,10.05,mae_residual,0.1972224221562276,Panel B-D binned residual diagnostic value.
C_instancegm_depth,ground_motion_residual_bins.csv,instancegm,sa03,metadata_plus_early_waveform,source_depth_km,"(9.5, 10.5]",198,9.6,10.5,10.05,q90_abs_residual,0.453201443497438,Panel B-D binned residual diagnostic value.
C_instancegm_depth,ground_motion_residual_bins.csv,instancegm,sa03,metadata_plus_early_waveform,source_depth_km,"(9.5, 10.5]",198,9.6,10.5,10.05,overpredict_fraction,0.494949494949495,Panel B-D binned residual diagnostic value.
C_instancegm_depth,ground_motion_residual_bins.csv,instancegm,sa03,metadata_plus_early_waveform,source_depth_km,"(10.5, 15.32]",184,10.6,15.3,12.95,median_signed_residual,0.0142708724245257,Panel B-D binned residual diagnostic value.
C_instancegm_depth,ground_motion_residual_bins.csv,instancegm,sa03,metadata_plus_early_waveform,source_depth_km,"(10.5, 15.32]",184,10.6,15.3,12.95,mean_signed_residual,-0.0010857904718836,Panel B-D binned residual diagnostic value.
C_instancegm_depth,ground_motion_residual_bins.csv,instancegm,sa03,metadata_plus_early_waveform,source_depth_km,"(10.5, 15.32]",184,10.6,15.3,12.95,mae_residual,0.2163749350602511,Panel B-D binned residual diagnostic value.
C_instancegm_depth,ground_motion_residual_bins.csv,instancegm,sa03,metadata_plus_early_waveform,source_depth_km,"(10.5, 15.32]",184,10.6,15.3,12.95,q90_abs_residual,0.3988124689476923,Panel B-D binned residual diagnostic value.
C_instancegm_depth,ground_motion_residual_bins.csv,instancegm,sa03,metadata_plus_early_waveform,source_depth_km,"(10.5, 15.32]",184,10.6,15.3,12.95,overpredict_fraction,0.5108695652173914,Panel B-D binned residual diagnostic value.
C_instancegm_depth,ground_motion_residual_bins.csv,instancegm,sa03,metadata_plus_early_waveform,source_depth_km,"(15.32, 312.8]",197,15.4,312.8,164.1,median_signed_residual,-0.0125513278416455,Panel B-D binned residual diagnostic value.
C_instancegm_depth,ground_motion_residual_bins.csv,instancegm,sa03,metadata_plus_early_waveform,source_depth_km,"(15.32, 312.8]",197,15.4,312.8,164.1,mean_signed_residual,-0.0038959874055783,Panel B-D binned residual diagnostic value.
C_instancegm_depth,ground_motion_residual_bins.csv,instancegm,sa03,metadata_plus_early_waveform,source_depth_km,"(15.32, 312.8]",197,15.4,312.8,164.1,mae_residual,0.2375536037419948,Panel B-D binned residual diagnostic value.
C_instancegm_depth,ground_motion_residual_bins.csv,instancegm,sa03,metadata_plus_early_waveform,source_depth_km,"(15.32, 312.8]",197,15.4,312.8,164.1,q90_abs_residual,0.5857732286478644,Panel B-D binned residual diagnostic value.
C_instancegm_depth,ground_motion_residual_bins.csv,instancegm,sa03,metadata_plus_early_waveform,source_depth_km,"(15.32, 312.8]",197,15.4,312.8,164.1,overpredict_fraction,0.482233502538071,Panel B-D binned residual diagnostic value.
C_instancegm_depth,ground_motion_residual_bins.csv,instancegm,sa10,metadata_plus_early_waveform,source_depth_km,"(1.999, 8.3]",207,2.0,8.3,5.15,median_signed_residual,-0.0339450415931148,Panel B-D binned residual diagnostic value.
C_instancegm_depth,ground_motion_residual_bins.csv,instancegm,sa10,metadata_plus_early_waveform,source_depth_km,"(1.999, 8.3]",207,2.0,8.3,5.15,mean_signed_residual,-0.041178810313777,Panel B-D binned residual diagnostic value.
C_instancegm_depth,ground_motion_residual_bins.csv,instancegm,sa10,metadata_plus_early_waveform,source_depth_km,"(1.999, 8.3]",207,2.0,8.3,5.15,mae_residual,0.2193401517548999,Panel B-D binned residual diagnostic value.
C_instancegm_depth,ground_motion_residual_bins.csv,instancegm,sa10,metadata_plus_early_waveform,source_depth_km,"(1.999, 8.3]",207,2.0,8.3,5.15,q90_abs_residual,0.4273163832299287,Panel B-D binned residual diagnostic value.
C_instancegm_depth,ground_motion_residual_bins.csv,instancegm,sa10,metadata_plus_early_waveform,source_depth_km,"(1.999, 8.3]",207,2.0,8.3,5.15,overpredict_fraction,0.4396135265700483,Panel B-D binned residual diagnostic value.
C_instancegm_depth,ground_motion_residual_bins.csv,instancegm,sa10,metadata_plus_early_waveform,source_depth_km,"(8.3, 9.5]",203,8.4,9.5,8.95,median_signed_residual,0.0470123089144562,Panel B-D binned residual diagnostic value.
C_instancegm_depth,ground_motion_residual_bins.csv,instancegm,sa10,metadata_plus_early_waveform,source_depth_km,"(8.3, 9.5]",203,8.4,9.5,8.95,mean_signed_residual,0.0550218259684174,Panel B-D binned residual diagnostic value.
C_instancegm_depth,ground_motion_residual_bins.csv,instancegm,sa10,metadata_plus_early_waveform,source_depth_km,"(8.3, 9.5]",203,8.4,9.5,8.95,mae_residual,0.1904470417620124,Panel B-D binned residual diagnostic value.
C_instancegm_depth,ground_motion_residual_bins.csv,instancegm,sa10,metadata_plus_early_waveform,source_depth_km,"(8.3, 9.5]",203,8.4,9.5,8.95,q90_abs_residual,0.4313937178974956,Panel B-D binned residual diagnostic value.
C_instancegm_depth,ground_motion_residual_bins.csv,instancegm,sa10,metadata_plus_early_waveform,source_depth_km,"(8.3, 9.5]",203,8.4,9.5,8.95,overpredict_fraction,0.5911330049261084,Panel B-D binned residual diagnostic value.
C_instancegm_depth,ground_motion_residual_bins.csv,instancegm,sa10,metadata_plus_early_waveform,source_depth_km,"(9.5, 10.5]",204,9.6,10.5,10.05,median_signed_residual,0.0312302614586519,Panel B-D binned residual diagnostic value.
C_instancegm_depth,ground_motion_residual_bins.csv,instancegm,sa10,metadata_plus_early_waveform,source_depth_km,"(9.5, 10.5]",204,9.6,10.5,10.05,mean_signed_residual,0.0164154689389671,Panel B-D binned residual diagnostic value.
C_instancegm_depth,ground_motion_residual_bins.csv,instancegm,sa10,metadata_plus_early_waveform,source_depth_km,"(9.5, 10.5]",204,9.6,10.5,10.05,mae_residual,0.1991620712996462,Panel B-D binned residual diagnostic value.
C_instancegm_depth,ground_motion_residual_bins.csv,instancegm,sa10,metadata_plus_early_waveform,source_depth_km,"(9.5, 10.5]",204,9.6,10.5,10.05,q90_abs_residual,0.4145984872555518,Panel B-D binned residual diagnostic value.
C_instancegm_depth,ground_motion_residual_bins.csv,instancegm,sa10,metadata_plus_early_waveform,source_depth_km,"(9.5, 10.5]",204,9.6,10.5,10.05,overpredict_fraction,0.5441176470588235,Panel B-D binned residual diagnostic value.
C_instancegm_depth,ground_motion_residual_bins.csv,instancegm,sa10,metadata_plus_early_waveform,source_depth_km,"(10.5, 15.22]",186,10.6,15.2,12.899999999999999,median_signed_residual,-0.0086098305699329,Panel B-D binned residual diagnostic value.
C_instancegm_depth,ground_motion_residual_bins.csv,instancegm,sa10,metadata_plus_early_waveform,source_depth_km,"(10.5, 15.22]",186,10.6,15.2,12.899999999999999,mean_signed_residual,-0.0099713336597424,Panel B-D binned residual diagnostic value.
C_instancegm_depth,ground_motion_residual_bins.csv,instancegm,sa10,metadata_plus_early_waveform,source_depth_km,"(10.5, 15.22]",186,10.6,15.2,12.899999999999999,mae_residual,0.2162277417029815,Panel B-D binned residual diagnostic value.
C_instancegm_depth,ground_motion_residual_bins.csv,instancegm,sa10,metadata_plus_early_waveform,source_depth_km,"(10.5, 15.22]",186,10.6,15.2,12.899999999999999,q90_abs_residual,0.4383219847106006,Panel B-D binned residual diagnostic value.
C_instancegm_depth,ground_motion_residual_bins.csv,instancegm,sa10,metadata_plus_early_waveform,source_depth_km,"(10.5, 15.22]",186,10.6,15.2,12.899999999999999,overpredict_fraction,0.4838709677419355,Panel B-D binned residual diagnostic value.
C_instancegm_depth,ground_motion_residual_bins.csv,instancegm,sa10,metadata_plus_early_waveform,source_depth_km,"(15.22, 312.8]",200,15.3,312.8,164.05,median_signed_residual,0.0202061456851927,Panel B-D binned residual diagnostic value.
C_instancegm_depth,ground_motion_residual_bins.csv,instancegm,sa10,metadata_plus_early_waveform,source_depth_km,"(15.22, 312.8]",200,15.3,312.8,164.05,mean_signed_residual,0.0041247680245431,Panel B-D binned residual diagnostic value.
C_instancegm_depth,ground_motion_residual_bins.csv,instancegm,sa10,metadata_plus_early_waveform,source_depth_km,"(15.22, 312.8]",200,15.3,312.8,164.05,mae_residual,0.2234956361436952,Panel B-D binned residual diagnostic value.
C_instancegm_depth,ground_motion_residual_bins.csv,instancegm,sa10,metadata_plus_early_waveform,source_depth_km,"(15.22, 312.8]",200,15.3,312.8,164.05,q90_abs_residual,0.4939448933761786,Panel B-D binned residual diagnostic value.
C_instancegm_depth,ground_motion_residual_bins.csv,instancegm,sa10,metadata_plus_early_waveform,source_depth_km,"(15.22, 312.8]",200,15.3,312.8,164.05,overpredict_fraction,0.53,Panel B-D binned residual diagnostic value.
C_instancegm_depth,ground_motion_residual_bins.csv,instancegm,sa30,metadata_plus_early_waveform,source_depth_km,"(1.999, 8.3]",197,2.0,8.3,5.15,median_signed_residual,-0.0059042344753255,Panel B-D binned residual diagnostic value.
C_instancegm_depth,ground_motion_residual_bins.csv,instancegm,sa30,metadata_plus_early_waveform,source_depth_km,"(1.999, 8.3]",197,2.0,8.3,5.15,mean_signed_residual,-0.0422099464110997,Panel B-D binned residual diagnostic value.
C_instancegm_depth,ground_motion_residual_bins.csv,instancegm,sa30,metadata_plus_early_waveform,source_depth_km,"(1.999, 8.3]",197,2.0,8.3,5.15,mae_residual,0.2483850760066335,Panel B-D binned residual diagnostic value.
C_instancegm_depth,ground_motion_residual_bins.csv,instancegm,sa30,metadata_plus_early_waveform,source_depth_km,"(1.999, 8.3]",197,2.0,8.3,5.15,q90_abs_residual,0.49814024325852,Panel B-D binned residual diagnostic value.
C_instancegm_depth,ground_motion_residual_bins.csv,instancegm,sa30,metadata_plus_early_waveform,source_depth_km,"(1.999, 8.3]",197,2.0,8.3,5.15,overpredict_fraction,0.482233502538071,Panel B-D binned residual diagnostic value.
C_instancegm_depth,ground_motion_residual_bins.csv,instancegm,sa30,metadata_plus_early_waveform,source_depth_km,"(8.3, 9.4]",182,8.4,9.4,8.9,median_signed_residual,0.012299542095691,Panel B-D binned residual diagnostic value.
C_instancegm_depth,ground_motion_residual_bins.csv,instancegm,sa30,metadata_plus_early_waveform,source_depth_km,"(8.3, 9.4]",182,8.4,9.4,8.9,mean_signed_residual,-0.0099312911752831,Panel B-D binned residual diagnostic value.
C_instancegm_depth,ground_motion_residual_bins.csv,instancegm,sa30,metadata_plus_early_waveform,source_depth_km,"(8.3, 9.4]",182,8.4,9.4,8.9,mae_residual,0.2281982676252694,Panel B-D binned residual diagnostic value.
C_instancegm_depth,ground_motion_residual_bins.csv,instancegm,sa30,metadata_plus_early_waveform,source_depth_km,"(8.3, 9.4]",182,8.4,9.4,8.9,q90_abs_residual,0.4485316407462244,Panel B-D binned residual diagnostic value.
C_instancegm_depth,ground_motion_residual_bins.csv,instancegm,sa30,metadata_plus_early_waveform,source_depth_km,"(8.3, 9.4]",182,8.4,9.4,8.9,overpredict_fraction,0.510989010989011,Panel B-D binned residual diagnostic value.
C_instancegm_depth,ground_motion_residual_bins.csv,instancegm,sa30,metadata_plus_early_waveform,source_depth_km,"(9.4, 10.5]",204,9.5,10.5,10.0,median_signed_residual,0.0586113889989232,Panel B-D binned residual diagnostic value.
C_instancegm_depth,ground_motion_residual_bins.csv,instancegm,sa30,metadata_plus_early_waveform,source_depth_km,"(9.4, 10.5]",204,9.5,10.5,10.0,mean_signed_residual,0.0117760017629802,Panel B-D binned residual diagnostic value.
C_instancegm_depth,ground_motion_residual_bins.csv,instancegm,sa30,metadata_plus_early_waveform,source_depth_km,"(9.4, 10.5]",204,9.5,10.5,10.0,mae_residual,0.2614173544327423,Panel B-D binned residual diagnostic value.
C_instancegm_depth,ground_motion_residual_bins.csv,instancegm,sa30,metadata_plus_early_waveform,source_depth_km,"(9.4, 10.5]",204,9.5,10.5,10.0,q90_abs_residual,0.5277391296411168,Panel B-D binned residual diagnostic value.
C_instancegm_depth,ground_motion_residual_bins.csv,instancegm,sa30,metadata_plus_early_waveform,source_depth_km,"(9.4, 10.5]",204,9.5,10.5,10.0,overpredict_fraction,0.5637254901960784,Panel B-D binned residual diagnostic value.
C_instancegm_depth,ground_motion_residual_bins.csv,instancegm,sa30,metadata_plus_early_waveform,source_depth_km,"(10.5, 15.1]",174,10.6,15.1,12.85,median_signed_residual,0.0232804344281389,Panel B-D binned residual diagnostic value.
C_instancegm_depth,ground_motion_residual_bins.csv,instancegm,sa30,metadata_plus_early_waveform,source_depth_km,"(10.5, 15.1]",174,10.6,15.1,12.85,mean_signed_residual,-0.0062814577013651,Panel B-D binned residual diagnostic value.
C_instancegm_depth,ground_motion_residual_bins.csv,instancegm,sa30,metadata_plus_early_waveform,source_depth_km,"(10.5, 15.1]",174,10.6,15.1,12.85,mae_residual,0.2322949984273192,Panel B-D binned residual diagnostic value.
C_instancegm_depth,ground_motion_residual_bins.csv,instancegm,sa30,metadata_plus_early_waveform,source_depth_km,"(10.5, 15.1]",174,10.6,15.1,12.85,q90_abs_residual,0.4443468384800209,Panel B-D binned residual diagnostic value.
C_instancegm_depth,ground_motion_residual_bins.csv,instancegm,sa30,metadata_plus_early_waveform,source_depth_km,"(10.5, 15.1]",174,10.6,15.1,12.85,overpredict_fraction,0.5632183908045977,Panel B-D binned residual diagnostic value.
C_instancegm_depth,ground_motion_residual_bins.csv,instancegm,sa30,metadata_plus_early_waveform,source_depth_km,"(15.1, 305.9]",188,15.2,305.9,160.54999999999998,median_signed_residual,0.0283719845860206,Panel B-D binned residual diagnostic value.
C_instancegm_depth,ground_motion_residual_bins.csv,instancegm,sa30,metadata_plus_early_waveform,source_depth_km,"(15.1, 305.9]",188,15.2,305.9,160.54999999999998,mean_signed_residual,0.0123047727689315,Panel B-D binned residual diagnostic value.
C_instancegm_depth,ground_motion_residual_bins.csv,instancegm,sa30,metadata_plus_early_waveform,source_depth_km,"(15.1, 305.9]",188,15.2,305.9,160.54999999999998,mae_residual,0.2370697206978379,Panel B-D binned residual diagnostic value.
C_instancegm_depth,ground_motion_residual_bins.csv,instancegm,sa30,metadata_plus_early_waveform,source_depth_km,"(15.1, 305.9]",188,15.2,305.9,160.54999999999998,q90_abs_residual,0.4782444032918925,Panel B-D binned residual diagnostic value.
C_instancegm_depth,ground_motion_residual_bins.csv,instancegm,sa30,metadata_plus_early_waveform,source_depth_km,"(15.1, 305.9]",188,15.2,305.9,160.54999999999998,overpredict_fraction,0.5638297872340425,Panel B-D binned residual diagnostic value.
D_instancegm_early_amp,ground_motion_residual_bins.csv,instancegm,pga,metadata_plus_early_waveform,vec_early_absmax,"(-0.000999804, 1.56e-06]",200,1.9622373770289417e-07,1.5552697050225106e-06,8.757467213627024e-07,median_signed_residual,0.0386154347886895,Panel B-D binned residual diagnostic value.
D_instancegm_early_amp,ground_motion_residual_bins.csv,instancegm,pga,metadata_plus_early_waveform,vec_early_absmax,"(-0.000999804, 1.56e-06]",200,1.9622373770289417e-07,1.5552697050225106e-06,8.757467213627024e-07,mean_signed_residual,0.0215739825125662,Panel B-D binned residual diagnostic value.
D_instancegm_early_amp,ground_motion_residual_bins.csv,instancegm,pga,metadata_plus_early_waveform,vec_early_absmax,"(-0.000999804, 1.56e-06]",200,1.9622373770289417e-07,1.5552697050225106e-06,8.757467213627024e-07,mae_residual,0.2159313883555781,Panel B-D binned residual diagnostic value.
D_instancegm_early_amp,ground_motion_residual_bins.csv,instancegm,pga,metadata_plus_early_waveform,vec_early_absmax,"(-0.000999804, 1.56e-06]",200,1.9622373770289417e-07,1.5552697050225106e-06,8.757467213627024e-07,q90_abs_residual,0.4582075256805547,Panel B-D binned residual diagnostic value.
D_instancegm_early_amp,ground_motion_residual_bins.csv,instancegm,pga,metadata_plus_early_waveform,vec_early_absmax,"(-0.000999804, 1.56e-06]",200,1.9622373770289417e-07,1.5552697050225106e-06,8.757467213627024e-07,overpredict_fraction,0.565,Panel B-D binned residual diagnostic value.
D_instancegm_early_amp,ground_motion_residual_bins.csv,instancegm,pga,metadata_plus_early_waveform,vec_early_absmax,"(1.56e-06, 4.36e-06]",200,1.5673762163714855e-06,4.354711109044729e-06,2.961043662708107e-06,median_signed_residual,0.003503846197877,Panel B-D binned residual diagnostic value.
D_instancegm_early_amp,ground_motion_residual_bins.csv,instancegm,pga,metadata_plus_early_waveform,vec_early_absmax,"(1.56e-06, 4.36e-06]",200,1.5673762163714855e-06,4.354711109044729e-06,2.961043662708107e-06,mean_signed_residual,-0.003172957553615,Panel B-D binned residual diagnostic value.
D_instancegm_early_amp,ground_motion_residual_bins.csv,instancegm,pga,metadata_plus_early_waveform,vec_early_absmax,"(1.56e-06, 4.36e-06]",200,1.5673762163714855e-06,4.354711109044729e-06,2.961043662708107e-06,mae_residual,0.1764571005041111,Panel B-D binned residual diagnostic value.
D_instancegm_early_amp,ground_motion_residual_bins.csv,instancegm,pga,metadata_plus_early_waveform,vec_early_absmax,"(1.56e-06, 4.36e-06]",200,1.5673762163714855e-06,4.354711109044729e-06,2.961043662708107e-06,q90_abs_residual,0.4130353286645534,Panel B-D binned residual diagnostic value.
D_instancegm_early_amp,ground_motion_residual_bins.csv,instancegm,pga,metadata_plus_early_waveform,vec_early_absmax,"(1.56e-06, 4.36e-06]",200,1.5673762163714855e-06,4.354711109044729e-06,2.961043662708107e-06,overpredict_fraction,0.515,Panel B-D binned residual diagnostic value.
D_instancegm_early_amp,ground_motion_residual_bins.csv,instancegm,pga,metadata_plus_early_waveform,vec_early_absmax,"(4.36e-06, 2.14e-05]",199,4.3653503780660685e-06,2.135844988515601e-05,1.2861900131611039e-05,median_signed_residual,-0.0275771868470184,Panel B-D binned residual diagnostic value.
D_instancegm_early_amp,ground_motion_residual_bins.csv,instancegm,pga,metadata_plus_early_waveform,vec_early_absmax,"(4.36e-06, 2.14e-05]",199,4.3653503780660685e-06,2.135844988515601e-05,1.2861900131611039e-05,mean_signed_residual,0.0125905381014398,Panel B-D binned residual diagnostic value.
D_instancegm_early_amp,ground_motion_residual_bins.csv,instancegm,pga,metadata_plus_early_waveform,vec_early_absmax,"(4.36e-06, 2.14e-05]",199,4.3653503780660685e-06,2.135844988515601e-05,1.2861900131611039e-05,mae_residual,0.2049630703122111,Panel B-D binned residual diagnostic value.
D_instancegm_early_amp,ground_motion_residual_bins.csv,instancegm,pga,metadata_plus_early_waveform,vec_early_absmax,"(4.36e-06, 2.14e-05]",199,4.3653503780660685e-06,2.135844988515601e-05,1.2861900131611039e-05,q90_abs_residual,0.4424406064172979,Panel B-D binned residual diagnostic value.
D_instancegm_early_amp,ground_motion_residual_bins.csv,instancegm,pga,metadata_plus_early_waveform,vec_early_absmax,"(4.36e-06, 2.14e-05]",199,4.3653503780660685e-06,2.135844988515601e-05,1.2861900131611039e-05,overpredict_fraction,0.457286432160804,Panel B-D binned residual diagnostic value.
D_instancegm_early_amp,ground_motion_residual_bins.csv,instancegm,pga,metadata_plus_early_waveform,vec_early_absmax,"(2.14e-05, 0.000161]",200,2.1361352992244065e-05,0.0001607247249921,9.104303899217203e-05,median_signed_residual,-0.0111447538167668,Panel B-D binned residual diagnostic value.
D_instancegm_early_amp,ground_motion_residual_bins.csv,instancegm,pga,metadata_plus_early_waveform,vec_early_absmax,"(2.14e-05, 0.000161]",200,2.1361352992244065e-05,0.0001607247249921,9.104303899217203e-05,mean_signed_residual,-0.0097792311180808,Panel B-D binned residual diagnostic value.
D_instancegm_early_amp,ground_motion_residual_bins.csv,instancegm,pga,metadata_plus_early_waveform,vec_early_absmax,"(2.14e-05, 0.000161]",200,2.1361352992244065e-05,0.0001607247249921,9.104303899217203e-05,mae_residual,0.2425892074811931,Panel B-D binned residual diagnostic value.
D_instancegm_early_amp,ground_motion_residual_bins.csv,instancegm,pga,metadata_plus_early_waveform,vec_early_absmax,"(2.14e-05, 0.000161]",200,2.1361352992244065e-05,0.0001607247249921,9.104303899217203e-05,q90_abs_residual,0.5629813837299581,Panel B-D binned residual diagnostic value.
D_instancegm_early_amp,ground_motion_residual_bins.csv,instancegm,pga,metadata_plus_early_waveform,vec_early_absmax,"(2.14e-05, 0.000161]",200,2.1361352992244065e-05,0.0001607247249921,9.104303899217203e-05,overpredict_fraction,0.475,Panel B-D binned residual diagnostic value.
D_instancegm_early_amp,ground_motion_residual_bins.csv,instancegm,pga,metadata_plus_early_waveform,vec_early_absmax,"(0.000161, 0.767]",200,0.0001609275350347,0.767096221446991,0.38362857449101284,median_signed_residual,0.0151268946518952,Panel B-D binned residual diagnostic value.
D_instancegm_early_amp,ground_motion_residual_bins.csv,instancegm,pga,metadata_plus_early_waveform,vec_early_absmax,"(0.000161, 0.767]",200,0.0001609275350347,0.767096221446991,0.38362857449101284,mean_signed_residual,-0.0251848619527122,Panel B-D binned residual diagnostic value.
D_instancegm_early_amp,ground_motion_residual_bins.csv,instancegm,pga,metadata_plus_early_waveform,vec_early_absmax,"(0.000161, 0.767]",200,0.0001609275350347,0.767096221446991,0.38362857449101284,mae_residual,0.1975371857161335,Panel B-D binned residual diagnostic value.
D_instancegm_early_amp,ground_motion_residual_bins.csv,instancegm,pga,metadata_plus_early_waveform,vec_early_absmax,"(0.000161, 0.767]",200,0.0001609275350347,0.767096221446991,0.38362857449101284,q90_abs_residual,0.4271913725199193,Panel B-D binned residual diagnostic value.
D_instancegm_early_amp,ground_motion_residual_bins.csv,instancegm,pga,metadata_plus_early_waveform,vec_early_absmax,"(0.000161, 0.767]",200,0.0001609275350347,0.767096221446991,0.38362857449101284,overpredict_fraction,0.545,Panel B-D binned residual diagnostic value.
D_instancegm_early_amp,ground_motion_residual_bins.csv,instancegm,pgv,metadata_plus_early_waveform,vec_early_absmax,"(-0.000999804, 1.56e-06]",200,1.9622373770289417e-07,1.5552697050225106e-06,8.757467213627024e-07,median_signed_residual,0.0272786415486008,Panel B-D binned residual diagnostic value.
D_instancegm_early_amp,ground_motion_residual_bins.csv,instancegm,pgv,metadata_plus_early_waveform,vec_early_absmax,"(-0.000999804, 1.56e-06]",200,1.9622373770289417e-07,1.5552697050225106e-06,8.757467213627024e-07,mean_signed_residual,0.0040709495220148,Panel B-D binned residual diagnostic value.
D_instancegm_early_amp,ground_motion_residual_bins.csv,instancegm,pgv,metadata_plus_early_waveform,vec_early_absmax,"(-0.000999804, 1.56e-06]",200,1.9622373770289417e-07,1.5552697050225106e-06,8.757467213627024e-07,mae_residual,0.1327570544282592,Panel B-D binned residual diagnostic value.
D_instancegm_early_amp,ground_motion_residual_bins.csv,instancegm,pgv,metadata_plus_early_waveform,vec_early_absmax,"(-0.000999804, 1.56e-06]",200,1.9622373770289417e-07,1.5552697050225106e-06,8.757467213627024e-07,q90_abs_residual,0.277805047298126,Panel B-D binned residual diagnostic value.
D_instancegm_early_amp,ground_motion_residual_bins.csv,instancegm,pgv,metadata_plus_early_waveform,vec_early_absmax,"(-0.000999804, 1.56e-06]",200,1.9622373770289417e-07,1.5552697050225106e-06,8.757467213627024e-07,overpredict_fraction,0.59,Panel B-D binned residual diagnostic value.
D_instancegm_early_amp,ground_motion_residual_bins.csv,instancegm,pgv,metadata_plus_early_waveform,vec_early_absmax,"(1.56e-06, 4.36e-06]",200,1.5673762163714855e-06,4.354711109044729e-06,2.961043662708107e-06,median_signed_residual,0.0191013931533376,Panel B-D binned residual diagnostic value.
D_instancegm_early_amp,ground_motion_residual_bins.csv,instancegm,pgv,metadata_plus_early_waveform,vec_early_absmax,"(1.56e-06, 4.36e-06]",200,1.5673762163714855e-06,4.354711109044729e-06,2.961043662708107e-06,mean_signed_residual,-0.0043497312362074,Panel B-D binned residual diagnostic value.
D_instancegm_early_amp,ground_motion_residual_bins.csv,instancegm,pgv,metadata_plus_early_waveform,vec_early_absmax,"(1.56e-06, 4.36e-06]",200,1.5673762163714855e-06,4.354711109044729e-06,2.961043662708107e-06,mae_residual,0.1128051628868392,Panel B-D binned residual diagnostic value.
D_instancegm_early_amp,ground_motion_residual_bins.csv,instancegm,pgv,metadata_plus_early_waveform,vec_early_absmax,"(1.56e-06, 4.36e-06]",200,1.5673762163714855e-06,4.354711109044729e-06,2.961043662708107e-06,q90_abs_residual,0.2537326808377808,Panel B-D binned residual diagnostic value.
D_instancegm_early_amp,ground_motion_residual_bins.csv,instancegm,pgv,metadata_plus_early_waveform,vec_early_absmax,"(1.56e-06, 4.36e-06]",200,1.5673762163714855e-06,4.354711109044729e-06,2.961043662708107e-06,overpredict_fraction,0.58,Panel B-D binned residual diagnostic value.
D_instancegm_early_amp,ground_motion_residual_bins.csv,instancegm,pgv,metadata_plus_early_waveform,vec_early_absmax,"(4.36e-06, 2.15e-05]",200,4.3653503780660685e-06,2.1361352992244065e-05,1.2863351685155067e-05,median_signed_residual,0.0116830757095094,Panel B-D binned residual diagnostic value.
D_instancegm_early_amp,ground_motion_residual_bins.csv,instancegm,pgv,metadata_plus_early_waveform,vec_early_absmax,"(4.36e-06, 2.15e-05]",200,4.3653503780660685e-06,2.1361352992244065e-05,1.2863351685155067e-05,mean_signed_residual,0.0119778362949491,Panel B-D binned residual diagnostic value.
D_instancegm_early_amp,ground_motion_residual_bins.csv,instancegm,pgv,metadata_plus_early_waveform,vec_early_absmax,"(4.36e-06, 2.15e-05]",200,4.3653503780660685e-06,2.1361352992244065e-05,1.2863351685155067e-05,mae_residual,0.0947773274298775,Panel B-D binned residual diagnostic value.
D_instancegm_early_amp,ground_motion_residual_bins.csv,instancegm,pgv,metadata_plus_early_waveform,vec_early_absmax,"(4.36e-06, 2.15e-05]",200,4.3653503780660685e-06,2.1361352992244065e-05,1.2863351685155067e-05,q90_abs_residual,0.2001608106062999,Panel B-D binned residual diagnostic value.
D_instancegm_early_amp,ground_motion_residual_bins.csv,instancegm,pgv,metadata_plus_early_waveform,vec_early_absmax,"(4.36e-06, 2.15e-05]",200,4.3653503780660685e-06,2.1361352992244065e-05,1.2863351685155067e-05,overpredict_fraction,0.59,Panel B-D binned residual diagnostic value.
D_instancegm_early_amp,ground_motion_residual_bins.csv,instancegm,pgv,metadata_plus_early_waveform,vec_early_absmax,"(2.15e-05, 0.000162]",200,2.1800884496769868e-05,0.0001609275350347,9.136420976573493e-05,median_signed_residual,-0.0083832907841305,Panel B-D binned residual diagnostic value.
D_instancegm_early_amp,ground_motion_residual_bins.csv,instancegm,pgv,metadata_plus_early_waveform,vec_early_absmax,"(2.15e-05, 0.000162]",200,2.1800884496769868e-05,0.0001609275350347,9.136420976573493e-05,mean_signed_residual,-0.0134880190041062,Panel B-D binned residual diagnostic value.
D_instancegm_early_amp,ground_motion_residual_bins.csv,instancegm,pgv,metadata_plus_early_waveform,vec_early_absmax,"(2.15e-05, 0.000162]",200,2.1800884496769868e-05,0.0001609275350347,9.136420976573493e-05,mae_residual,0.1992987160261757,Panel B-D binned residual diagnostic value.
D_instancegm_early_amp,ground_motion_residual_bins.csv,instancegm,pgv,metadata_plus_early_waveform,vec_early_absmax,"(2.15e-05, 0.000162]",200,2.1800884496769868e-05,0.0001609275350347,9.136420976573493e-05,q90_abs_residual,0.4520378915590369,Panel B-D binned residual diagnostic value.
D_instancegm_early_amp,ground_motion_residual_bins.csv,instancegm,pgv,metadata_plus_early_waveform,vec_early_absmax,"(2.15e-05, 0.000162]",200,2.1800884496769868e-05,0.0001609275350347,9.136420976573493e-05,overpredict_fraction,0.47,Panel B-D binned residual diagnostic value.
D_instancegm_early_amp,ground_motion_residual_bins.csv,instancegm,pgv,metadata_plus_early_waveform,vec_early_absmax,"(0.000162, 0.767]",200,0.0001656609092606,0.767096221446991,0.3836309411781258,median_signed_residual,0.0504234274051484,Panel B-D binned residual diagnostic value.
D_instancegm_early_amp,ground_motion_residual_bins.csv,instancegm,pgv,metadata_plus_early_waveform,vec_early_absmax,"(0.000162, 0.767]",200,0.0001656609092606,0.767096221446991,0.3836309411781258,mean_signed_residual,-0.022485034443955,Panel B-D binned residual diagnostic value.
D_instancegm_early_amp,ground_motion_residual_bins.csv,instancegm,pgv,metadata_plus_early_waveform,vec_early_absmax,"(0.000162, 0.767]",200,0.0001656609092606,0.767096221446991,0.3836309411781258,mae_residual,0.2830340172316357,Panel B-D binned residual diagnostic value.
D_instancegm_early_amp,ground_motion_residual_bins.csv,instancegm,pgv,metadata_plus_early_waveform,vec_early_absmax,"(0.000162, 0.767]",200,0.0001656609092606,0.767096221446991,0.3836309411781258,q90_abs_residual,0.5980448039049643,Panel B-D binned residual diagnostic value.
D_instancegm_early_amp,ground_motion_residual_bins.csv,instancegm,pgv,metadata_plus_early_waveform,vec_early_absmax,"(0.000162, 0.767]",200,0.0001656609092606,0.767096221446991,0.3836309411781258,overpredict_fraction,0.575,Panel B-D binned residual diagnostic value.
D_instancegm_early_amp,ground_motion_residual_bins.csv,instancegm,sa03,metadata_plus_early_waveform,vec_early_absmax,"(-0.000999795, 1.64e-06]",197,2.0505667919223924e-07,1.6296102103297017e-06,9.173334447609705e-07,median_signed_residual,0.0101234752060914,Panel B-D binned residual diagnostic value.
D_instancegm_early_amp,ground_motion_residual_bins.csv,instancegm,sa03,metadata_plus_early_waveform,vec_early_absmax,"(-0.000999795, 1.64e-06]",197,2.0505667919223924e-07,1.6296102103297017e-06,9.173334447609705e-07,mean_signed_residual,0.0256437060954816,Panel B-D binned residual diagnostic value.
D_instancegm_early_amp,ground_motion_residual_bins.csv,instancegm,sa03,metadata_plus_early_waveform,vec_early_absmax,"(-0.000999795, 1.64e-06]",197,2.0505667919223924e-07,1.6296102103297017e-06,9.173334447609705e-07,mae_residual,0.2212208934204987,Panel B-D binned residual diagnostic value.
D_instancegm_early_amp,ground_motion_residual_bins.csv,instancegm,sa03,metadata_plus_early_waveform,vec_early_absmax,"(-0.000999795, 1.64e-06]",197,2.0505667919223924e-07,1.6296102103297017e-06,9.173334447609705e-07,q90_abs_residual,0.4441879160541785,Panel B-D binned residual diagnostic value.
D_instancegm_early_amp,ground_motion_residual_bins.csv,instancegm,sa03,metadata_plus_early_waveform,vec_early_absmax,"(-0.000999795, 1.64e-06]",197,2.0505667919223924e-07,1.6296102103297017e-06,9.173334447609705e-07,overpredict_fraction,0.5126903553299492,Panel B-D binned residual diagnostic value.
D_instancegm_early_amp,ground_motion_residual_bins.csv,instancegm,sa03,metadata_plus_early_waveform,vec_early_absmax,"(1.64e-06, 4.53e-06]",197,1.6449462236778345e-06,4.511067345447373e-06,3.0780067845626036e-06,median_signed_residual,-0.0214023531872045,Panel B-D binned residual diagnostic value.
D_instancegm_early_amp,ground_motion_residual_bins.csv,instancegm,sa03,metadata_plus_early_waveform,vec_early_absmax,"(1.64e-06, 4.53e-06]",197,1.6449462236778345e-06,4.511067345447373e-06,3.0780067845626036e-06,mean_signed_residual,0.0070747686829583,Panel B-D binned residual diagnostic value.
D_instancegm_early_amp,ground_motion_residual_bins.csv,instancegm,sa03,metadata_plus_early_waveform,vec_early_absmax,"(1.64e-06, 4.53e-06]",197,1.6449462236778345e-06,4.511067345447373e-06,3.0780067845626036e-06,mae_residual,0.1874288154041005,Panel B-D binned residual diagnostic value.
D_instancegm_early_amp,ground_motion_residual_bins.csv,instancegm,sa03,metadata_plus_early_waveform,vec_early_absmax,"(1.64e-06, 4.53e-06]",197,1.6449462236778345e-06,4.511067345447373e-06,3.0780067845626036e-06,q90_abs_residual,0.3860409086462819,Panel B-D binned residual diagnostic value.
D_instancegm_early_amp,ground_motion_residual_bins.csv,instancegm,sa03,metadata_plus_early_waveform,vec_early_absmax,"(1.64e-06, 4.53e-06]",197,1.6449462236778345e-06,4.511067345447373e-06,3.0780067845626036e-06,overpredict_fraction,0.467005076142132,Panel B-D binned residual diagnostic value.
D_instancegm_early_amp,ground_motion_residual_bins.csv,instancegm,sa03,metadata_plus_early_waveform,vec_early_absmax,"(4.53e-06, 2.25e-05]",197,4.534783784038154e-06,2.238609522464685e-05,1.3460439504342503e-05,median_signed_residual,-0.0155086541334679,Panel B-D binned residual diagnostic value.
D_instancegm_early_amp,ground_motion_residual_bins.csv,instancegm,sa03,metadata_plus_early_waveform,vec_early_absmax,"(4.53e-06, 2.25e-05]",197,4.534783784038154e-06,2.238609522464685e-05,1.3460439504342503e-05,mean_signed_residual,-0.0062593194822666,Panel B-D binned residual diagnostic value.
D_instancegm_early_amp,ground_motion_residual_bins.csv,instancegm,sa03,metadata_plus_early_waveform,vec_early_absmax,"(4.53e-06, 2.25e-05]",197,4.534783784038154e-06,2.238609522464685e-05,1.3460439504342503e-05,mae_residual,0.1834509920561323,Panel B-D binned residual diagnostic value.
D_instancegm_early_amp,ground_motion_residual_bins.csv,instancegm,sa03,metadata_plus_early_waveform,vec_early_absmax,"(4.53e-06, 2.25e-05]",197,4.534783784038154e-06,2.238609522464685e-05,1.3460439504342503e-05,q90_abs_residual,0.3962402275198412,Panel B-D binned residual diagnostic value.
D_instancegm_early_amp,ground_motion_residual_bins.csv,instancegm,sa03,metadata_plus_early_waveform,vec_early_absmax,"(4.53e-06, 2.25e-05]",197,4.534783784038154e-06,2.238609522464685e-05,1.3460439504342503e-05,overpredict_fraction,0.467005076142132,Panel B-D binned residual diagnostic value.
D_instancegm_early_amp,ground_motion_residual_bins.csv,instancegm,sa03,metadata_plus_early_waveform,vec_early_absmax,"(2.25e-05, 0.000168]",197,2.2666969016427178e-05,0.0001663636940065,9.451533151146358e-05,median_signed_residual,-0.0435704950514006,Panel B-D binned residual diagnostic value.
D_instancegm_early_amp,ground_motion_residual_bins.csv,instancegm,sa03,metadata_plus_early_waveform,vec_early_absmax,"(2.25e-05, 0.000168]",197,2.2666969016427178e-05,0.0001663636940065,9.451533151146358e-05,mean_signed_residual,-0.0380177001486671,Panel B-D binned residual diagnostic value.
D_instancegm_early_amp,ground_motion_residual_bins.csv,instancegm,sa03,metadata_plus_early_waveform,vec_early_absmax,"(2.25e-05, 0.000168]",197,2.2666969016427178e-05,0.0001663636940065,9.451533151146358e-05,mae_residual,0.2189167637218035,Panel B-D binned residual diagnostic value.
D_instancegm_early_amp,ground_motion_residual_bins.csv,instancegm,sa03,metadata_plus_early_waveform,vec_early_absmax,"(2.25e-05, 0.000168]",197,2.2666969016427178e-05,0.0001663636940065,9.451533151146358e-05,q90_abs_residual,0.4751112582583952,Panel B-D binned residual diagnostic value.
D_instancegm_early_amp,ground_motion_residual_bins.csv,instancegm,sa03,metadata_plus_early_waveform,vec_early_absmax,"(2.25e-05, 0.000168]",197,2.2666969016427178e-05,0.0001663636940065,9.451533151146358e-05,overpredict_fraction,0.4263959390862944,Panel B-D binned residual diagnostic value.
D_instancegm_early_amp,ground_motion_residual_bins.csv,instancegm,sa03,metadata_plus_early_waveform,vec_early_absmax,"(0.000168, 0.767]",197,0.0001747068308759,0.767096221446991,0.38363546413893346,median_signed_residual,0.0712503058449443,Panel B-D binned residual diagnostic value.
D_instancegm_early_amp,ground_motion_residual_bins.csv,instancegm,sa03,metadata_plus_early_waveform,vec_early_absmax,"(0.000168, 0.767]",197,0.0001747068308759,0.767096221446991,0.38363546413893346,mean_signed_residual,0.0013503762715854,Panel B-D binned residual diagnostic value.
D_instancegm_early_amp,ground_motion_residual_bins.csv,instancegm,sa03,metadata_plus_early_waveform,vec_early_absmax,"(0.000168, 0.767]",197,0.0001747068308759,0.767096221446991,0.38363546413893346,mae_residual,0.2944480919308647,Panel B-D binned residual diagnostic value.
D_instancegm_early_amp,ground_motion_residual_bins.csv,instancegm,sa03,metadata_plus_early_waveform,vec_early_absmax,"(0.000168, 0.767]",197,0.0001747068308759,0.767096221446991,0.38363546413893346,q90_abs_residual,0.5552254760237986,Panel B-D binned residual diagnostic value.
D_instancegm_early_amp,ground_motion_residual_bins.csv,instancegm,sa03,metadata_plus_early_waveform,vec_early_absmax,"(0.000168, 0.767]",197,0.0001747068308759,0.767096221446991,0.38363546413893346,overpredict_fraction,0.5786802030456852,Panel B-D binned residual diagnostic value.
D_instancegm_early_amp,ground_motion_residual_bins.csv,instancegm,sa10,metadata_plus_early_waveform,vec_early_absmax,"(-0.000999804, 1.56e-06]",200,1.9622373770289417e-07,1.5552697050225106e-06,8.757467213627024e-07,median_signed_residual,0.0055980735593952,Panel B-D binned residual diagnostic value.
D_instancegm_early_amp,ground_motion_residual_bins.csv,instancegm,sa10,metadata_plus_early_waveform,vec_early_absmax,"(-0.000999804, 1.56e-06]",200,1.9622373770289417e-07,1.5552697050225106e-06,8.757467213627024e-07,mean_signed_residual,0.0010088701569264,Panel B-D binned residual diagnostic value.
D_instancegm_early_amp,ground_motion_residual_bins.csv,instancegm,sa10,metadata_plus_early_waveform,vec_early_absmax,"(-0.000999804, 1.56e-06]",200,1.9622373770289417e-07,1.5552697050225106e-06,8.757467213627024e-07,mae_residual,0.1822575752223786,Panel B-D binned residual diagnostic value.
D_instancegm_early_amp,ground_motion_residual_bins.csv,instancegm,sa10,metadata_plus_early_waveform,vec_early_absmax,"(-0.000999804, 1.56e-06]",200,1.9622373770289417e-07,1.5552697050225106e-06,8.757467213627024e-07,q90_abs_residual,0.3797218548232827,Panel B-D binned residual diagnostic value.
D_instancegm_early_amp,ground_motion_residual_bins.csv,instancegm,sa10,metadata_plus_early_waveform,vec_early_absmax,"(-0.000999804, 1.56e-06]",200,1.9622373770289417e-07,1.5552697050225106e-06,8.757467213627024e-07,overpredict_fraction,0.52,Panel B-D binned residual diagnostic value.
D_instancegm_early_amp,ground_motion_residual_bins.csv,instancegm,sa10,metadata_plus_early_waveform,vec_early_absmax,"(1.56e-06, 4.36e-06]",200,1.5673762163714855e-06,4.354711109044729e-06,2.961043662708107e-06,median_signed_residual,0.013044881972587,Panel B-D binned residual diagnostic value.
D_instancegm_early_amp,ground_motion_residual_bins.csv,instancegm,sa10,metadata_plus_early_waveform,vec_early_absmax,"(1.56e-06, 4.36e-06]",200,1.5673762163714855e-06,4.354711109044729e-06,2.961043662708107e-06,mean_signed_residual,0.0248257661306163,Panel B-D binned residual diagnostic value.
D_instancegm_early_amp,ground_motion_residual_bins.csv,instancegm,sa10,metadata_plus_early_waveform,vec_early_absmax,"(1.56e-06, 4.36e-06]",200,1.5673762163714855e-06,4.354711109044729e-06,2.961043662708107e-06,mae_residual,0.172224755030259,Panel B-D binned residual diagnostic value.
D_instancegm_early_amp,ground_motion_residual_bins.csv,instancegm,sa10,metadata_plus_early_waveform,vec_early_absmax,"(1.56e-06, 4.36e-06]",200,1.5673762163714855e-06,4.354711109044729e-06,2.961043662708107e-06,q90_abs_residual,0.349185284800438,Panel B-D binned residual diagnostic value.
D_instancegm_early_amp,ground_motion_residual_bins.csv,instancegm,sa10,metadata_plus_early_waveform,vec_early_absmax,"(1.56e-06, 4.36e-06]",200,1.5673762163714855e-06,4.354711109044729e-06,2.961043662708107e-06,overpredict_fraction,0.535,Panel B-D binned residual diagnostic value.
D_instancegm_early_amp,ground_motion_residual_bins.csv,instancegm,sa10,metadata_plus_early_waveform,vec_early_absmax,"(4.36e-06, 2.15e-05]",200,4.3653503780660685e-06,2.1361352992244065e-05,1.2863351685155067e-05,median_signed_residual,0.0175745087870708,Panel B-D binned residual diagnostic value.
D_instancegm_early_amp,ground_motion_residual_bins.csv,instancegm,sa10,metadata_plus_early_waveform,vec_early_absmax,"(4.36e-06, 2.15e-05]",200,4.3653503780660685e-06,2.1361352992244065e-05,1.2863351685155067e-05,mean_signed_residual,0.0136515920159997,Panel B-D binned residual diagnostic value.
D_instancegm_early_amp,ground_motion_residual_bins.csv,instancegm,sa10,metadata_plus_early_waveform,vec_early_absmax,"(4.36e-06, 2.15e-05]",200,4.3653503780660685e-06,2.1361352992244065e-05,1.2863351685155067e-05,mae_residual,0.2032670723654849,Panel B-D binned residual diagnostic value.
D_instancegm_early_amp,ground_motion_residual_bins.csv,instancegm,sa10,metadata_plus_early_waveform,vec_early_absmax,"(4.36e-06, 2.15e-05]",200,4.3653503780660685e-06,2.1361352992244065e-05,1.2863351685155067e-05,q90_abs_residual,0.438395636564437,Panel B-D binned residual diagnostic value.
D_instancegm_early_amp,ground_motion_residual_bins.csv,instancegm,sa10,metadata_plus_early_waveform,vec_early_absmax,"(4.36e-06, 2.15e-05]",200,4.3653503780660685e-06,2.1361352992244065e-05,1.2863351685155067e-05,overpredict_fraction,0.51,Panel B-D binned residual diagnostic value.
D_instancegm_early_amp,ground_motion_residual_bins.csv,instancegm,sa10,metadata_plus_early_waveform,vec_early_absmax,"(2.15e-05, 0.000162]",200,2.1800884496769868e-05,0.0001609275350347,9.136420976573493e-05,median_signed_residual,-0.009461843059906,Panel B-D binned residual diagnostic value.
D_instancegm_early_amp,ground_motion_residual_bins.csv,instancegm,sa10,metadata_plus_early_waveform,vec_early_absmax,"(2.15e-05, 0.000162]",200,2.1800884496769868e-05,0.0001609275350347,9.136420976573493e-05,mean_signed_residual,-0.0003904950578402,Panel B-D binned residual diagnostic value.
D_instancegm_early_amp,ground_motion_residual_bins.csv,instancegm,sa10,metadata_plus_early_waveform,vec_early_absmax,"(2.15e-05, 0.000162]",200,2.1800884496769868e-05,0.0001609275350347,9.136420976573493e-05,mae_residual,0.1958875725491485,Panel B-D binned residual diagnostic value.
D_instancegm_early_amp,ground_motion_residual_bins.csv,instancegm,sa10,metadata_plus_early_waveform,vec_early_absmax,"(2.15e-05, 0.000162]",200,2.1800884496769868e-05,0.0001609275350347,9.136420976573493e-05,q90_abs_residual,0.4215986249361025,Panel B-D binned residual diagnostic value.
D_instancegm_early_amp,ground_motion_residual_bins.csv,instancegm,sa10,metadata_plus_early_waveform,vec_early_absmax,"(2.15e-05, 0.000162]",200,2.1800884496769868e-05,0.0001609275350347,9.136420976573493e-05,overpredict_fraction,0.47,Panel B-D binned residual diagnostic value.
D_instancegm_early_amp,ground_motion_residual_bins.csv,instancegm,sa10,metadata_plus_early_waveform,vec_early_absmax,"(0.000162, 0.767]",200,0.0001656609092606,0.767096221446991,0.3836309411781258,median_signed_residual,0.04375082875202,Panel B-D binned residual diagnostic value.
D_instancegm_early_amp,ground_motion_residual_bins.csv,instancegm,sa10,metadata_plus_early_waveform,vec_early_absmax,"(0.000162, 0.767]",200,0.0001656609092606,0.767096221446991,0.3836309411781258,mean_signed_residual,-0.0142734425237887,Panel B-D binned residual diagnostic value.
D_instancegm_early_amp,ground_motion_residual_bins.csv,instancegm,sa10,metadata_plus_early_waveform,vec_early_absmax,"(0.000162, 0.767]",200,0.0001656609092606,0.767096221446991,0.3836309411781258,mae_residual,0.2944165779406001,Panel B-D binned residual diagnostic value.
D_instancegm_early_amp,ground_motion_residual_bins.csv,instancegm,sa10,metadata_plus_early_waveform,vec_early_absmax,"(0.000162, 0.767]",200,0.0001656609092606,0.767096221446991,0.3836309411781258,q90_abs_residual,0.5598658100906457,Panel B-D binned residual diagnostic value.
D_instancegm_early_amp,ground_motion_residual_bins.csv,instancegm,sa10,metadata_plus_early_waveform,vec_early_absmax,"(0.000162, 0.767]",200,0.0001656609092606,0.767096221446991,0.3836309411781258,overpredict_fraction,0.555,Panel B-D binned residual diagnostic value.
D_instancegm_early_amp,ground_motion_residual_bins.csv,instancegm,sa30,metadata_plus_early_waveform,vec_early_absmax,"(-0.000999795, 1.81e-06]",189,2.0505667919223924e-07,1.8031981880994865e-06,1.0041274336458628e-06,median_signed_residual,-0.0104169754062732,Panel B-D binned residual diagnostic value.
D_instancegm_early_amp,ground_motion_residual_bins.csv,instancegm,sa30,metadata_plus_early_waveform,vec_early_absmax,"(-0.000999795, 1.81e-06]",189,2.0505667919223924e-07,1.8031981880994865e-06,1.0041274336458628e-06,mean_signed_residual,-0.0354831554167835,Panel B-D binned residual diagnostic value.
D_instancegm_early_amp,ground_motion_residual_bins.csv,instancegm,sa30,metadata_plus_early_waveform,vec_early_absmax,"(-0.000999795, 1.81e-06]",189,2.0505667919223924e-07,1.8031981880994865e-06,1.0041274336458628e-06,mae_residual,0.1887973239101133,Panel B-D binned residual diagnostic value.
D_instancegm_early_amp,ground_motion_residual_bins.csv,instancegm,sa30,metadata_plus_early_waveform,vec_early_absmax,"(-0.000999795, 1.81e-06]",189,2.0505667919223924e-07,1.8031981880994865e-06,1.0041274336458628e-06,q90_abs_residual,0.3909591804604304,Panel B-D binned residual diagnostic value.
D_instancegm_early_amp,ground_motion_residual_bins.csv,instancegm,sa30,metadata_plus_early_waveform,vec_early_absmax,"(-0.000999795, 1.81e-06]",189,2.0505667919223924e-07,1.8031981880994865e-06,1.0041274336458628e-06,overpredict_fraction,0.4867724867724867,Panel B-D binned residual diagnostic value.
D_instancegm_early_amp,ground_motion_residual_bins.csv,instancegm,sa30,metadata_plus_early_waveform,vec_early_absmax,"(1.81e-06, 5.24e-06]",189,1.8087017679135895e-06,5.181577762414236e-06,3.4951397651639127e-06,median_signed_residual,0.0252458362797156,Panel B-D binned residual diagnostic value.
D_instancegm_early_amp,ground_motion_residual_bins.csv,instancegm,sa30,metadata_plus_early_waveform,vec_early_absmax,"(1.81e-06, 5.24e-06]",189,1.8087017679135895e-06,5.181577762414236e-06,3.4951397651639127e-06,mean_signed_residual,-0.0097988267087254,Panel B-D binned residual diagnostic value.
D_instancegm_early_amp,ground_motion_residual_bins.csv,instancegm,sa30,metadata_plus_early_waveform,vec_early_absmax,"(1.81e-06, 5.24e-06]",189,1.8087017679135895e-06,5.181577762414236e-06,3.4951397651639127e-06,mae_residual,0.2384554864725523,Panel B-D binned residual diagnostic value.
D_instancegm_early_amp,ground_motion_residual_bins.csv,instancegm,sa30,metadata_plus_early_waveform,vec_early_absmax,"(1.81e-06, 5.24e-06]",189,1.8087017679135895e-06,5.181577762414236e-06,3.4951397651639127e-06,q90_abs_residual,0.4731674146409119,Panel B-D binned residual diagnostic value.
D_instancegm_early_amp,ground_motion_residual_bins.csv,instancegm,sa30,metadata_plus_early_waveform,vec_early_absmax,"(1.81e-06, 5.24e-06]",189,1.8087017679135895e-06,5.181577762414236e-06,3.4951397651639127e-06,overpredict_fraction,0.5343915343915344,Panel B-D binned residual diagnostic value.
D_instancegm_early_amp,ground_motion_residual_bins.csv,instancegm,sa30,metadata_plus_early_waveform,vec_early_absmax,"(5.24e-06, 2.69e-05]",189,5.27561132912524e-06,2.6655026886146516e-05,1.5965319107635878e-05,median_signed_residual,0.0183384771517802,Panel B-D binned residual diagnostic value.
D_instancegm_early_amp,ground_motion_residual_bins.csv,instancegm,sa30,metadata_plus_early_waveform,vec_early_absmax,"(5.24e-06, 2.69e-05]",189,5.27561132912524e-06,2.6655026886146516e-05,1.5965319107635878e-05,mean_signed_residual,0.0045350897422197,Panel B-D binned residual diagnostic value.
D_instancegm_early_amp,ground_motion_residual_bins.csv,instancegm,sa30,metadata_plus_early_waveform,vec_early_absmax,"(5.24e-06, 2.69e-05]",189,5.27561132912524e-06,2.6655026886146516e-05,1.5965319107635878e-05,mae_residual,0.2403508078807665,Panel B-D binned residual diagnostic value.
D_instancegm_early_amp,ground_motion_residual_bins.csv,instancegm,sa30,metadata_plus_early_waveform,vec_early_absmax,"(5.24e-06, 2.69e-05]",189,5.27561132912524e-06,2.6655026886146516e-05,1.5965319107635878e-05,q90_abs_residual,0.5130866670696542,Panel B-D binned residual diagnostic value.
D_instancegm_early_amp,ground_motion_residual_bins.csv,instancegm,sa30,metadata_plus_early_waveform,vec_early_absmax,"(5.24e-06, 2.69e-05]",189,5.27561132912524e-06,2.6655026886146516e-05,1.5965319107635878e-05,overpredict_fraction,0.5291005291005291,Panel B-D binned residual diagnostic value.
D_instancegm_early_amp,ground_motion_residual_bins.csv,instancegm,sa30,metadata_plus_early_waveform,vec_early_absmax,"(2.69e-05, 0.000193]",189,2.725286867644172e-05,0.0001928274723468,0.00011004017051162087,median_signed_residual,0.0299007232895509,Panel B-D binned residual diagnostic value.
D_instancegm_early_amp,ground_motion_residual_bins.csv,instancegm,sa30,metadata_plus_early_waveform,vec_early_absmax,"(2.69e-05, 0.000193]",189,2.725286867644172e-05,0.0001928274723468,0.00011004017051162087,mean_signed_residual,0.0200470233677715,Panel B-D binned residual diagnostic value.
D_instancegm_early_amp,ground_motion_residual_bins.csv,instancegm,sa30,metadata_plus_early_waveform,vec_early_absmax,"(2.69e-05, 0.000193]",189,2.725286867644172e-05,0.0001928274723468,0.00011004017051162087,mae_residual,0.2091002634786588,Panel B-D binned residual diagnostic value.
D_instancegm_early_amp,ground_motion_residual_bins.csv,instancegm,sa30,metadata_plus_early_waveform,vec_early_absmax,"(2.69e-05, 0.000193]",189,2.725286867644172e-05,0.0001928274723468,0.00011004017051162087,q90_abs_residual,0.4521618131848662,Panel B-D binned residual diagnostic value.
D_instancegm_early_amp,ground_motion_residual_bins.csv,instancegm,sa30,metadata_plus_early_waveform,vec_early_absmax,"(2.69e-05, 0.000193]",189,2.725286867644172e-05,0.0001928274723468,0.00011004017051162087,overpredict_fraction,0.5714285714285714,Panel B-D binned residual diagnostic value.
D_instancegm_early_amp,ground_motion_residual_bins.csv,instancegm,sa30,metadata_plus_early_waveform,vec_early_absmax,"(0.000193, 0.767]",189,0.0001933022576849,0.767096221446991,0.3836447618523379,median_signed_residual,0.064288660704693,Panel B-D binned residual diagnostic value.
D_instancegm_early_amp,ground_motion_residual_bins.csv,instancegm,sa30,metadata_plus_early_waveform,vec_early_absmax,"(0.000193, 0.767]",189,0.0001933022576849,0.767096221446991,0.3836447618523379,mean_signed_residual,-0.013692863453893,Panel B-D binned residual diagnostic value.
D_instancegm_early_amp,ground_motion_residual_bins.csv,instancegm,sa30,metadata_plus_early_waveform,vec_early_absmax,"(0.000193, 0.767]",189,0.0001933022576849,0.767096221446991,0.3836447618523379,mae_residual,0.3337803627178685,Panel B-D binned residual diagnostic value.
D_instancegm_early_amp,ground_motion_residual_bins.csv,instancegm,sa30,metadata_plus_early_waveform,vec_early_absmax,"(0.000193, 0.767]",189,0.0001933022576849,0.767096221446991,0.3836447618523379,q90_abs_residual,0.6215460778750821,Panel B-D binned residual diagnostic value.
D_instancegm_early_amp,ground_motion_residual_bins.csv,instancegm,sa30,metadata_plus_early_waveform,vec_early_absmax,"(0.000193, 0.767]",189,0.0001933022576849,0.767096221446991,0.3836447618523379,overpredict_fraction,0.5608465608465608,Panel B-D binned residual diagnostic value.
